date,size,FIold_votes,IdV_votes,LN_votes,UdC_votes,LADESTRA_votes,PD_votes,PdL_votes,M5S_votes,FdI_votes,FIPDLFI_votes,NCDUdC_votes,SI_votes,AP_votes,MDP_votes,LeU_votes,E_votes,I_votes,NcI_votes,CivP_votes,EV_votes,LS_votes,IV_votes,A_votes,C_votes,Other_votes
2007-04-09,1500,390.0,60.0,82.5,82.5,0.0,0.0,0.0,0.0,0.0,0.0,0.0,0.0,0.0,0.0,0.0,0.0,0.0,0.0,0.0,0.0,0.0,0.0,0.0,0.0,885.0
2008-02-13,1500,0.0,67.5,97.5,90.0,37.5,457.5,547.5,0.0,0.0,0.0,0.0,0.0,0.0,0.0,0.0,0.0,0.0,0.0,0.0,0.0,0.0,0.0,0.0,0.0,202.5
2008-02-18,1500,0.0,63.75,82.5,112.5,26.25,480.0,555.0,0.0,0.0,0.0,0.0,0.0,0.0,0.0,0.0,0.0,0.0,0.0,0.0,0.0,0.0,0.0,0.0,0.0,180.0
2010-10-09,1500,0.0,0.0,498.00000000000006,0.0,0.0,290.99999999999994,0.0,279.00000000000006,114.0,76.49999999999999,0.0,0.0,0.0,0.0,0.0,28.5,0.0,0.0,0.0,28.5,46.5,79.5,0.0,0.0,58.500000000000085
2015-06-29,1000,0.0,5.0,155.0,0.0,0.0,325.0,0.0,250.0,40.0,125.0,35.0,0.0,0.0,0.0,0.0,0.0,0.0,0.0,0.0,0.0,0.0,0.0,0.0,0.0,65.0
2015-07-15,1500,0.0,0.0,225.0,0.0,0.0,519.0,0.0,366.0,57.0,181.5,54.0,0.0,0.0,0.0,0.0,0.0,0.0,0.0,0.0,0.0,0.0,0.0,0.0,0.0,97.5
2015-08-28,400,0.0,0.0,66.0,0.0,0.0,122.4,0.0,100.4,12.4,47.6,10.0,0.0,0.0,0.0,0.0,0.0,0.0,0.0,0.0,0.0,0.0,0.0,0.0,0.0,41.19999999999999
2015-08-31,400,0.0,0.0,62.0,0.0,0.0,130.0,0.0,102.0,16.0,40.0,10.0,0.0,0.0,0.0,0.0,0.0,0.0,0.0,0.0,0.0,0.0,0.0,0.0,0.0,40.0
2015-09-03,1500,0.0,0.0,243.0,0.0,0.0,511.5,0.0,355.5,48.0,189.0,46.5,0.0,0.0,0.0,0.0,0.0,0.0,0.0,0.0,0.0,0.0,0.0,0.0,0.0,106.49999999999991
2016-11-02,1500,0.0,7.5,183.0,0.0,0.0,490.50000000000006,0.0,408.0,58.5,174.0,48.0,48.0,0.0,0.0,0.0,0.0,0.0,0.0,0.0,0.0,0.0,0.0,0.0,0.0,82.5
2016-11-12,1000,0.0,0.0,125.0,0.0,0.0,315.0,0.0,290.0,40.0,145.0,30.0,25.0,0.0,0.0,0.0,0.0,0.0,0.0,0.0,0.0,0.0,0.0,0.0,0.0,30.0
2017-11-06,1500,0.0,0.0,217.5,0.0,0.0,394.5,0.0,381.0,68.99999999999999,214.5,0.0,31.5,37.5,43.5,0.0,0.0,0.0,0.0,0.0,0.0,0.0,0.0,0.0,0.0,111.00000000000009
2017-11-08,1002,0.0,0.0,153.306,0.0,0.0,243.48600000000002,0.0,293.586,51.102,161.322,0.0,25.05,26.052000000000003,28.055999999999997,0.0,0.0,0.0,0.0,0.0,0.0,0.0,0.0,0.0,0.0,20.04
2017-11-13,1500,0.0,0.0,222.0,0.0,0.0,388.5,0.0,397.5,64.5,204.0,0.0,36.0,37.5,42.0,0.0,0.0,0.0,0.0,0.0,0.0,0.0,0.0,0.0,0.0,108.00000000000004
2017-11-17,1000,0.0,0.0,158.0,0.0,0.0,242.0,0.0,274.0,50.0,166.0,0.0,23.0,17.0,31.0,0.0,0.0,0.0,0.0,0.0,0.0,0.0,0.0,0.0,0.0,39.00000000000006
2017-11-26,1000,0.0,0.0,148.0,0.0,0.0,235.0,0.0,258.0,49.0,175.0,0.0,26.0,19.0,40.0,0.0,0.0,0.0,0.0,0.0,0.0,0.0,0.0,0.0,0.0,50.0
2017-12-10,1000,0.0,0.0,140.0,0.0,0.0,237.0,0.0,267.0,54.0,174.0,0.0,0.0,11.0,0.0,73.0,0.0,0.0,0.0,0.0,0.0,0.0,0.0,0.0,0.0,44.00000000000006
2017-12-11,1500,0.0,0.0,213.0,0.0,0.0,375.0,0.0,393.0,75.0,226.5,0.0,0.0,16.500000000000004,0.0,96.0,0.0,0.0,0.0,0.0,0.0,0.0,0.0,0.0,0.0,105.0
2017-12-12,998,0.0,0.0,142.71400000000003,0.0,0.0,233.53199999999998,0.0,281.436,49.9,166.666,0.0,0.0,19.96,0.0,65.868,0.0,0.0,0.0,0.0,0.0,0.0,0.0,0.0,0.0,37.92400000000011
2017-12-18,1500,0.0,0.0,210.0,0.0,0.0,375.0,0.0,435.0,75.0,225.0,0.0,0.0,0.0,0.0,105.0,0.0,0.0,0.0,0.0,0.0,0.0,0.0,0.0,0.0,75.0
2017-12-29,2200,0.0,0.0,292.6,0.0,0.0,470.8,0.0,668.8,107.8,345.4,0.0,0.0,24.2,0.0,149.6,13.2,39.6,48.4,0.0,0.0,0.0,0.0,0.0,0.0,39.60000000000025
2018-01-05,1603,0.0,0.0,218.00799999999998,0.0,0.0,386.32300000000004,0.0,452.046,86.56200000000001,237.24400000000003,0.0,0.0,0.0,0.0,89.76799999999999,22.441999999999997,24.045,35.266000000000005,16.03,0.0,0.0,0.0,0.0,0.0,35.26600000000005
2018-01-06,2143,0.0,0.0,287.447,0.0,0.0,515.463,0.0,598.61,101.435,337.023,0.0,0.0,0.0,0.0,137.437,23.159000000000002,19.73,47.575,24.302,0.0,0.0,0.0,0.0,0.0,50.818999999999825
2018-01-08,5300,0.0,0.0,668.1,0.0,0.0,1207.5,0.0,1461.5,279.7,894.5,0.0,0.0,0.0,0.0,358.6,79.8,41.4,110.8,75.7,0.0,0.0,0.0,0.0,0.0,122.39999999999984
2018-01-09,1611,0.0,0.0,217.485,0.0,0.0,378.585,0.0,449.46899999999994,88.605,246.48300000000003,0.0,0.0,0.0,0.0,93.43799999999999,20.943,24.165,38.663999999999994,17.721,0.0,0.0,0.0,0.0,0.0,35.44200000000004
2018-01-10,2498,0.0,0.0,344.72400000000005,0.0,0.0,583.038,0.0,724.4259999999999,121.906,398.66999999999996,0.0,0.0,0.0,0.0,161.372,29.526,31.522,37.482,35.514,0.0,0.0,0.0,0.0,0.0,29.820000000000135
2018-01-12,1889,0.0,0.0,260.682,0.0,0.0,449.58200000000005,0.0,506.25200000000007,103.895,296.573,0.0,0.0,0.0,0.0,113.34,26.445999999999998,28.335,49.114000000000004,20.779,0.0,0.0,0.0,0.0,0.0,34.001999999999946
2018-01-15,3110,0.0,0.0,419.4,0.0,0.0,750.1,0.0,838.6,161.2,505.5,0.0,0.0,0.0,0.0,206.7,44.55,23.3,69.45,37.2,0.0,0.0,0.0,0.0,0.0,54.00000000000001
2018-01-16,800,0.0,0.0,108.8,0.0,0.0,192.0,0.0,220.0,42.4,124.8,0.0,0.0,0.0,0.0,52.0,11.2,12.0,12.0,8.0,0.0,0.0,0.0,0.0,0.0,16.799999999999955
2018-01-17,1000,0.0,0.0,113.0,0.0,0.0,223.0,0.0,278.0,45.0,174.0,0.0,0.0,0.0,0.0,74.0,19.0,6.0,25.0,12.0,0.0,0.0,0.0,0.0,0.0,30.999999999999947
2018-01-19,2604,0.0,0.0,351.543,0.0,0.0,605.934,0.0,703.08,135.207,434.262,0.0,0.0,0.0,0.0,159.64499999999998,39.66,28.848000000000003,71.10900000000001,18.03,0.0,0.0,0.0,0.0,0.0,56.68200000000002
2018-01-22,9001,0.0,0.0,1183.625,0.0,0.0,2045.723,0.0,2484.274,458.053,1460.683,0.0,0.0,0.0,0.0,543.563,155.017,70.5,171.02800000000002,66.5,0.0,0.0,0.0,0.0,0.0,362.0339999999996
2018-01-23,1000,0.0,0.0,137.0,0.0,0.0,227.0,0.0,293.0,46.0,169.0,0.0,0.0,0.0,0.0,61.0,40.0,40.0,11.0,40.0,0.0,0.0,0.0,0.0,0.0,-63.999999999999915
2018-01-25,2106,0.0,0.0,286.71,0.0,0.0,515.43,0.0,566.35,100.36999999999999,349.5,0.0,0.0,0.0,0.0,135.42000000000002,35.05,20.130000000000003,46.25,19.330000000000002,0.0,0.0,0.0,0.0,0.0,31.459999999999976
2018-01-26,1778,0.0,0.0,245.364,0.0,0.0,426.72,0.0,471.17,88.9,282.702,0.0,0.0,0.0,0.0,101.346,28.448,30.226,49.784,17.78,0.0,0.0,0.0,0.0,0.0,35.56
2018-01-28,1500,0.0,0.0,210.0,0.0,0.0,345.0,0.0,442.5,67.5,240.0,0.0,0.0,0.0,0.0,90.0,0.0,0.0,0.0,0.0,0.0,0.0,0.0,0.0,0.0,105.0
2018-01-29,3398,0.0,0.0,423.444,0.0,0.0,774.856,0.0,962.644,165.29799999999997,572.8340000000001,0.0,0.0,0.0,0.0,218.676,70.368,19.0,79.64399999999999,16.500000000000004,0.0,0.0,0.0,0.0,0.0,94.73600000000005
2018-01-30,2937,0.0,0.0,395.727,0.0,0.0,703.9459999999999,0.0,781.4079999999999,133.566,472.39,0.0,0.0,0.0,0.0,151.95600000000002,46.992000000000004,45.456,74.826,36.78,0.0,0.0,0.0,0.0,0.0,93.95300000000023
2018-02-01,3400,0.0,0.0,447.0,0.0,0.0,824.8,0.0,933.8,156.0,559.8,0.0,0.0,0.0,0.0,205.0,57.6,29.200000000000003,74.4,35.2,0.0,0.0,0.0,0.0,0.0,77.20000000000002
2018-02-02,1742,0.0,0.0,249.10600000000002,0.0,0.0,400.66,0.0,473.824,80.132,275.23600000000005,0.0,0.0,0.0,0.0,94.06800000000001,33.098,27.872000000000003,48.775999999999996,17.42,0.0,0.0,0.0,0.0,0.0,41.8080000000001
2018-02-03,3500,0.0,0.0,518.0,0.0,0.0,766.5,0.0,938.0,192.5,535.5,0.0,0.0,0.0,0.0,185.5,73.5,24.5,70.0,17.5,0.0,0.0,0.0,0.0,0.0,178.49999999999983
2018-02-05,6506,0.0,0.0,952.882,0.0,0.0,1548.4219999999998,0.0,1900.764,289.264,980.9,0.0,0.0,0.0,0.0,350.818,171.156,35.03,48.536,38.536,0.0,0.0,0.0,0.0,0.0,189.69200000000015
2018-02-06,2686,0.0,0.0,378.114,0.0,0.0,598.655,0.0,753.7629999999999,126.565,435.999,0.0,0.0,0.0,0.0,153.102,49.708,26.928,76.211,16.83,0.0,0.0,0.0,0.0,0.0,70.12499999999979
2018-02-07,2000,0.0,0.0,251.0,0.0,0.0,449.0,0.0,566.0,95.0,336.0,0.0,0.0,0.0,0.0,123.0,30.0,8.0,20.0,7.0,0.0,0.0,0.0,0.0,0.0,115.0
2018-02-08,4100,0.0,0.0,555.3,0.0,0.0,974.2,0.0,1103.3,184.7,673.5,0.0,0.0,0.0,0.0,222.79999999999998,79.9,41.0,85.3,55.0,0.0,0.0,0.0,0.0,0.0,125.0000000000003
2018-02-09,1614,0.0,0.0,224.34600000000003,0.0,0.0,367.992,0.0,440.62200000000007,74.244,259.85400000000004,0.0,0.0,0.0,0.0,83.92800000000001,33.894,25.824,45.192,16.14,0.0,0.0,0.0,0.0,0.0,41.963999999999906
2018-02-12,11115,0.0,0.0,1527.176,0.0,0.0,2445.384,0.0,3032.475,536.322,1819.165,0.0,0.0,0.0,0.0,627.4069999999999,314.116,76.1,208.829,81.1,0.0,0.0,0.0,0.0,0.0,446.9260000000003
2018-02-13,505,0.0,0.0,65.65,0.0,0.0,123.725,0.0,136.35,25.25,80.8,0.0,0.0,0.0,0.0,30.3,15.15,5.05,15.15,2.525,0.0,0.0,0.0,0.0,0.0,5.05
2018-02-14,2800,0.0,0.0,397.6,0.0,0.0,626.8,0.0,774.4,138.4,468.4,0.0,0.0,0.0,0.0,166.4,68.4,46.4,64.4,44.0,0.0,0.0,0.0,0.0,0.0,4.7999999999999545
2018-03-12,1246,0.0,0.0,226.77200000000002,0.0,0.0,229.26399999999998,0.0,421.14799999999997,59.808,159.488,0.0,0.0,0.0,0.0,52.332,27.412000000000003,0.0,0.0,0.0,0.0,0.0,0.0,0.0,0.0,69.77599999999993
2018-03-13,1000,0.0,0.0,223.0,0.0,0.0,180.0,0.0,345.0,31.0,105.0,0.0,0.0,0.0,0.0,28.0,10.0,3.0,10.0,7.0,0.0,0.0,0.0,0.0,0.0,58.00000000000011
2018-03-15,512,0.0,0.0,92.16,0.0,0.0,94.72,0.0,174.08,20.48,71.68,0.0,0.0,0.0,0.0,15.36,12.8,0.0,5.12,0.0,0.0,0.0,0.0,0.0,0.0,25.6
2018-03-19,3308,0.0,0.0,673.84,0.0,0.0,615.44,0.0,1141.38,131.92000000000002,377.78,0.0,0.0,0.0,0.0,89.64,56.96,0.0,30.68,0.0,0.0,0.0,0.0,0.0,0.0,190.35999999999962
2018-03-20,802,0.0,0.0,153.984,0.0,0.0,152.38,0.0,274.284,33.684,109.07199999999999,0.0,0.0,0.0,0.0,20.05,17.644000000000002,0.0,0.0,0.0,0.0,0.0,0.0,0.0,0.0,40.90199999999995
2018-03-21,860,0.0,0.0,168.56,0.0,0.0,154.8,0.0,288.1,37.84,110.94,0.0,0.0,0.0,0.0,25.8,16.34,0.0,10.32,0.0,0.0,0.0,0.0,0.0,0.0,47.3
2018-03-22,800,0.0,0.0,188.0,0.0,0.0,140.0,0.0,279.2,26.4,87.2,0.0,0.0,0.0,0.0,16.8,0.0,0.0,4.8,0.0,0.0,0.0,0.0,0.0,0.0,57.600000000000016
2018-03-26,2000,0.0,0.0,420.0,0.0,0.0,368.0,0.0,682.0,84.0,242.0,0.0,0.0,0.0,0.0,52.0,40.0,0.0,10.0,0.0,0.0,0.0,0.0,0.0,0.0,101.99999999999989
2018-03-27,1000,0.0,0.0,192.0,0.0,0.0,188.0,0.0,339.0,42.0,131.0,0.0,0.0,0.0,0.0,30.0,23.0,0.0,9.0,0.0,0.0,0.0,0.0,0.0,0.0,45.99999999999994
2018-03-28,2110,0.0,0.0,440.1,0.0,0.0,371.65,0.0,727.0,83.6,258.45,0.0,0.0,0.0,0.0,54.35,21.4,0.0,16.299999999999997,0.0,0.0,0.0,0.0,0.0,0.0,137.15
2018-04-03,4498,0.0,0.0,945.604,0.0,0.0,831.63,0.0,1554.32,182.422,517.236,0.0,0.0,0.0,0.0,118.952,54.962,0.0,16.0,0.0,0.0,0.0,0.0,0.0,0.0,276.87400000000036
2018-04-05,800,0.0,0.0,184.0,0.0,0.0,145.6,0.0,274.4,28.8,92.8,0.0,0.0,0.0,0.0,16.0,0.0,0.0,4.0,0.0,0.0,0.0,0.0,0.0,0.0,54.399999999999984
2018-04-09,4000,0.0,0.0,875.0,0.0,0.0,730.0,0.0,1334.0,169.0,449.0,0.0,0.0,0.0,0.0,121.0,72.0,0.0,23.0,0.0,0.0,0.0,0.0,0.0,0.0,226.9999999999999
2018-04-11,800,0.0,0.0,183.2,0.0,0.0,146.4,0.0,272.8,29.6,94.4,0.0,0.0,0.0,0.0,16.0,0.0,0.0,3.2,0.0,0.0,0.0,0.0,0.0,0.0,54.399999999999984
2018-04-13,1000,0.0,0.0,207.0,0.0,0.0,178.0,0.0,341.0,40.0,125.0,0.0,0.0,0.0,0.0,30.0,20.0,0.0,5.0,0.0,0.0,0.0,0.0,0.0,0.0,53.999999999999915
2018-04-16,2000,0.0,0.0,464.0,0.0,0.0,378.0,0.0,660.0,88.0,208.0,0.0,0.0,0.0,0.0,48.0,40.0,0.0,14.0,0.0,0.0,0.0,0.0,0.0,0.0,100.0
2018-04-18,1798,0.0,0.0,375.41,0.0,0.0,337.81,0.0,606.3299999999999,73.314,224.74200000000002,0.0,0.0,0.0,0.0,42.946000000000005,21.956000000000003,0.0,11.184000000000001,0.0,0.0,0.0,0.0,0.0,0.0,104.30800000000004
2018-04-20,1000,0.0,0.0,218.0,0.0,0.0,181.0,0.0,335.0,40.0,126.0,0.0,0.0,0.0,0.0,28.0,0.0,0.0,0.0,0.0,0.0,0.0,0.0,0.0,0.0,71.99999999999989
2018-04-23,2500,0.0,0.0,571.5,0.0,0.0,443.5,0.0,856.0,95.5,268.0,0.0,0.0,0.0,0.0,66.0,44.0,0.0,15.0,0.0,0.0,0.0,0.0,0.0,0.0,140.5000000000001
2018-04-24,1627,0.0,0.0,357.94,0.0,0.0,286.35200000000003,0.0,561.315,71.58800000000001,203.375,0.0,0.0,0.0,0.0,52.06400000000001,21.151,0.0,14.642999999999999,0.0,0.0,0.0,0.0,0.0,0.0,58.57199999999991
2018-04-26,1005,0.0,0.0,217.08,0.0,0.0,178.89,0.0,330.645,38.19,126.63,0.0,0.0,0.0,0.0,30.15,21.105,0.0,0.0,0.0,0.0,0.0,0.0,0.0,0.0,62.31000000000003
2018-04-30,2905,0.0,0.0,645.25,0.0,0.0,516.5,0.0,937.8499999999999,123.4,366.45000000000005,0.0,0.0,0.0,0.0,90.225,27.700000000000003,0.0,24.25,0.0,0.0,0.0,0.0,0.0,0.0,173.37499999999991
2018-05-02,3483,0.0,0.0,790.7049999999999,0.0,0.0,622.325,0.0,1132.745,144.618,427.194,0.0,0.0,0.0,0.0,109.637,45.562,0.0,26.464,0.0,0.0,0.0,0.0,0.0,0.0,183.74999999999994
2018-05-03,1500,0.0,0.0,366.0,0.0,0.0,285.0,0.0,484.49999999999994,66.00000000000001,141.0,0.0,0.0,0.0,0.0,45.0,22.5,0.0,4.5,0.0,0.0,0.0,0.0,0.0,0.0,85.50000000000004
2018-05-05,1500,0.0,0.0,334.5,0.0,0.0,265.5,0.0,481.5,60.0,195.0,0.0,0.0,0.0,0.0,45.0,0.0,0.0,0.0,0.0,0.0,0.0,0.0,0.0,0.0,118.50000000000009
2018-05-07,504,0.0,0.0,105.84,0.0,0.0,95.76,0.0,161.28,20.16,65.52,0.0,0.0,0.0,0.0,12.6,7.56,0.0,2.52,0.0,0.0,0.0,0.0,0.0,0.0,32.76
2018-05-08,2609,0.0,0.0,599.3,0.0,0.0,468.62199999999996,0.0,815.548,117.24799999999999,325.284,0.0,0.0,0.0,0.0,100.211,24.165,0.0,8.055,0.0,0.0,0.0,0.0,0.0,0.0,150.56700000000004
2018-05-09,3800,0.0,0.0,909.9,0.0,0.0,691.5,0.0,1248.3,148.2,399.40000000000003,0.0,0.0,0.0,0.0,107.2,39.8,0.0,10.8,0.0,0.0,0.0,0.0,0.0,0.0,244.90000000000018
2018-05-10,1000,0.0,0.0,220.0,0.0,0.0,178.0,0.0,315.0,41.0,122.0,0.0,0.0,0.0,0.0,34.0,18.0,0.0,5.0,0.0,0.0,0.0,0.0,0.0,0.0,67.00000000000003
2018-05-15,1745,0.0,0.0,380.41,0.0,0.0,315.845,0.0,556.655,83.76,225.105,0.0,0.0,0.0,0.0,64.565,26.175,0.0,10.47,0.0,0.0,0.0,0.0,0.0,0.0,82.0149999999998
2018-05-16,6100,0.0,0.0,1438.3,0.0,0.0,1123.5,0.0,1914.9,247.7,739.9,0.0,0.0,0.0,0.0,159.8,57.8,0.0,23.0,0.0,0.0,0.0,0.0,0.0,0.0,395.10000000000036
2018-05-17,1006,0.0,0.0,222.32600000000002,0.0,0.0,177.056,0.0,312.86600000000004,37.222,132.792,0.0,0.0,0.0,0.0,28.167999999999996,25.15,0.0,0.0,0.0,0.0,0.0,0.0,0.0,0.0,70.42
2018-05-22,3049,0.0,0.0,686.8389999999999,0.0,0.0,535.369,0.0,992.4739999999999,135.901,372.56600000000003,0.0,0.0,0.0,0.0,97.81300000000002,21.686,0.0,9.294,0.0,0.0,0.0,0.0,0.0,0.0,197.0579999999998
2018-05-23,2900,0.0,0.0,757.5,0.0,0.0,557.8,0.0,859.5,113.4,273.6,0.0,0.0,0.0,0.0,73.5,50.4,0.0,18.7,0.0,0.0,0.0,0.0,0.0,0.0,195.5999999999999
2018-05-29,9106,0.0,0.0,2383.1,0.0,0.0,1706.438,0.0,2901.46,304.61,959.75,0.0,0.0,0.0,0.0,181.98000000000002,106.0,0.0,63.2,0.0,0.0,0.0,0.0,0.0,0.0,499.4619999999995
2018-05-30,3807,0.0,0.0,1026.77,0.0,0.0,719.434,0.0,1156.1770000000001,140.253,371.15500000000003,0.0,0.0,0.0,0.0,88.33699999999999,60.61500000000001,0.0,18.935,0.0,0.0,0.0,0.0,0.0,0.0,225.32400000000007
2018-06-01,1784,0.0,0.0,397.83200000000005,0.0,0.0,349.664,0.0,570.88,92.76800000000001,214.08,0.0,0.0,0.0,0.0,64.224,28.544,0.0,12.488,0.0,0.0,0.0,0.0,0.0,0.0,53.52
2018-06-04,614,0.0,0.0,147.36,0.0,0.0,113.59,0.0,193.41,18.42,85.96,0.0,0.0,0.0,0.0,9.21,12.28,0.0,3.07,0.0,0.0,0.0,0.0,0.0,0.0,30.7
2018-06-06,2300,0.0,0.0,618.6,0.0,0.0,431.19999999999993,0.0,706.1,84.1,209.0,0.0,0.0,0.0,0.0,52.099999999999994,28.5,0.0,2.4,0.0,0.0,0.0,0.0,0.0,0.0,168.00000000000009
2018-06-07,2181,0.0,0.0,604.137,0.0,0.0,420.93300000000005,0.0,612.8610000000001,87.24,215.919,0.0,0.0,0.0,0.0,0.0,0.0,0.0,19.629,0.0,0.0,0.0,0.0,0.0,0.0,220.28099999999986
2018-06-11,506,0.0,0.0,129.03,0.0,0.0,93.61,0.0,151.8,17.71,68.31,0.0,0.0,0.0,0.0,7.59,10.12,0.0,2.53,0.0,0.0,0.0,0.0,0.0,0.0,25.3
2018-06-12,1801,0.0,0.0,474.65600000000006,0.0,0.0,334.19399999999996,0.0,516.284,70.436,210.512,0.0,0.0,0.0,0.0,49.431,14.4,0.0,2.4,0.0,0.0,0.0,0.0,0.0,0.0,128.68699999999995
2018-06-13,1500,0.0,0.0,438.0,0.0,0.0,282.0,0.0,435.0,61.49999999999999,137.99999999999997,0.0,0.0,0.0,0.0,33.00000000000001,30.0,0.0,0.0,0.0,0.0,0.0,0.0,0.0,0.0,82.5
2018-06-14,1000,0.0,0.0,280.0,0.0,0.0,197.0,0.0,285.0,41.0,95.0,0.0,0.0,0.0,0.0,30.0,20.0,0.0,4.0,0.0,0.0,0.0,0.0,0.0,0.0,47.99999999999997
2018-06-15,2300,0.0,0.0,660.1,0.0,0.0,487.6,0.0,678.5,64.4,186.3,0.0,0.0,0.0,0.0,52.9,41.4,0.0,25.3,0.0,0.0,0.0,0.0,0.0,0.0,103.5
2018-06-18,504,0.0,0.0,136.08,0.0,0.0,90.72,0.0,146.16,15.12,65.52,0.0,0.0,0.0,0.0,10.08,10.08,0.0,2.52,0.0,0.0,0.0,0.0,0.0,0.0,27.72
2018-06-19,3196,0.0,0.0,894.592,0.0,0.0,591.432,0.0,915.2560000000001,126.44,328.94399999999996,0.0,0.0,0.0,0.0,82.108,29.632,0.0,10.464,0.0,0.0,0.0,0.0,0.0,0.0,217.13200000000006
2018-06-20,2500,0.0,0.0,724.5,0.0,0.0,478.0,0.0,716.0,90.0,236.0,0.0,0.0,0.0,0.0,65.0,25.5,0.0,0.0,0.0,0.0,0.0,0.0,0.0,0.0,165.00000000000014
2018-06-23,1784,0.0,0.0,485.24799999999993,0.0,0.0,315.768,0.0,549.4720000000001,76.712,176.616,0.0,0.0,0.0,0.0,60.65599999999999,33.896,0.0,21.407999999999998,0.0,0.0,0.0,0.0,0.0,0.0,64.22400000000015
2018-06-25,508,0.0,0.0,142.24,0.0,0.0,91.44,0.0,147.32,15.24,63.5,0.0,0.0,0.0,0.0,10.16,10.16,0.0,2.54,0.0,0.0,0.0,0.0,0.0,0.0,25.4
2018-06-26,997,0.0,0.0,311.06399999999996,0.0,0.0,188.433,0.0,297.106,22.930999999999997,82.751,0.0,0.0,0.0,0.0,22.930999999999997,27.916,0.0,3.988,0.0,0.0,0.0,0.0,0.0,0.0,39.88
2018-06-27,1500,0.0,0.0,447.0,0.0,0.0,267.0,0.0,430.5,64.5,122.99999999999999,0.0,0.0,0.0,0.0,40.50000000000001,31.5,0.0,0.0,0.0,0.0,0.0,0.0,0.0,0.0,96.00000000000009
2018-07-04,1500,0.0,0.0,457.5,0.0,0.0,267.0,0.0,435.0,64.5,115.5,0.0,0.0,0.0,0.0,34.49999999999999,34.49999999999999,0.0,0.0,0.0,0.0,0.0,0.0,0.0,0.0,91.49999999999991
2018-07-05,3400,0.0,0.0,1030.2,0.0,0.0,629.0,0.0,986.0,105.4,268.6,0.0,0.0,0.0,0.0,68.0,64.6,0.0,47.6,0.0,0.0,0.0,0.0,0.0,0.0,200.6000000000002
2018-07-06,1526,0.0,0.0,419.65,0.0,0.0,267.05,0.0,457.8,67.144,155.652,0.0,0.0,0.0,0.0,53.41,24.416,0.0,13.734000000000002,0.0,0.0,0.0,0.0,0.0,0.0,67.14400000000009
2018-07-07,769,0.0,0.0,216.858,0.0,0.0,145.34099999999998,0.0,223.01,30.76,63.827000000000005,0.0,0.0,0.0,0.0,21.531999999999996,16.149,0.0,7.69,0.0,0.0,0.0,0.0,0.0,0.0,43.83300000000002
2018-07-09,506,0.0,0.0,141.68,0.0,0.0,91.08,0.0,146.74,15.18,60.72,0.0,0.0,0.0,0.0,10.12,10.12,0.0,2.53,0.0,0.0,0.0,0.0,0.0,0.0,27.83
2018-07-11,1500,0.0,0.0,451.5,0.0,0.0,270.0,0.0,445.5,58.5,126.0,0.0,0.0,0.0,0.0,37.5,27.0,0.0,0.0,0.0,0.0,0.0,0.0,0.0,0.0,83.99999999999991
2018-07-17,1000,0.0,0.0,310.0,0.0,0.0,170.0,0.0,315.0,30.0,77.0,0.0,0.0,0.0,0.0,25.0,28.0,0.0,2.0,0.0,0.0,0.0,0.0,0.0,0.0,43.00000000000011
2018-07-18,1500,0.0,0.0,460.5,0.0,0.0,271.50000000000006,0.0,439.5,61.49999999999999,118.5,0.0,0.0,0.0,0.0,39.0,28.5,0.0,0.0,0.0,0.0,0.0,0.0,0.0,0.0,81.00000000000009
2018-07-24,1200,0.0,0.0,348.0,0.0,0.0,213.6,0.0,372.0,42.0,114.0,0.0,0.0,0.0,0.0,31.2,0.0,0.0,0.0,0.0,0.0,0.0,0.0,0.0,0.0,79.19999999999993
2018-07-25,1500,0.0,0.0,454.5,0.0,0.0,260.99999999999994,0.0,445.5,55.5,129.0,0.0,0.0,0.0,0.0,36.0,31.5,0.0,0.0,0.0,0.0,0.0,0.0,0.0,0.0,86.99999999999996
2018-08-27,500,0.0,0.0,158.5,0.0,0.0,84.0,0.0,134.0,23.0,43.5,0.0,0.0,0.0,0.0,18.5,12.5,0.0,1.5,0.0,0.0,0.0,0.0,0.0,0.0,24.50000000000003
2018-08-29,1500,0.0,0.0,483.00000000000006,0.0,0.0,265.5,0.0,424.5,61.49999999999999,103.5,0.0,0.0,0.0,0.0,36.0,39.0,0.0,0.0,0.0,0.0,0.0,0.0,0.0,0.0,86.99999999999996
2018-08-30,887,0.0,0.0,261.665,0.0,0.0,157.886,0.0,254.569,29.271,71.847,0.0,0.0,0.0,0.0,26.61,21.287999999999997,0.0,8.87,0.0,0.0,0.0,0.0,0.0,0.0,54.99400000000015
2018-09-03,1000,0.0,0.0,340.0,0.0,0.0,170.0,0.0,270.0,30.0,90.0,0.0,0.0,0.0,0.0,35.0,10.0,0.0,5.0,0.0,0.0,0.0,0.0,0.0,0.0,50.0
2018-09-04,1800,0.0,0.0,575.8,0.0,0.0,310.0,0.0,538.4,54.6,174.2,0.0,0.0,0.0,0.0,38.4,24.0,0.0,2.0,0.0,0.0,0.0,0.0,0.0,0.0,82.60000000000002
2018-09-05,2500,0.0,0.0,784.5,0.0,0.0,435.5,0.0,713.5,93.5,224.0,0.0,0.0,0.0,0.0,54.49999999999999,36.0,0.0,0.0,0.0,0.0,0.0,0.0,0.0,0.0,158.49999999999994
2018-09-06,2500,0.0,0.0,865.0,0.0,0.0,482.0,0.0,666.0,91.5,198.0,0.0,0.0,0.0,0.0,69.5,38.5,0.0,12.5,0.0,0.0,0.0,0.0,0.0,0.0,77.00000000000017
2018-09-07,1520,0.0,0.0,463.6,0.0,0.0,258.4,0.0,439.28,56.24,129.2,0.0,0.0,0.0,0.0,42.56,24.32,0.0,15.2,0.0,0.0,0.0,0.0,0.0,0.0,91.2
2018-09-10,1310,0.0,0.0,409.0,0.0,0.0,221.89999999999998,0.0,379.4,45.85,136.6,0.0,0.0,0.0,0.0,32.599999999999994,26.2,0.0,5.75,0.0,0.0,0.0,0.0,0.0,0.0,52.700000000000045
2018-09-11,2502,0.0,0.0,782.604,0.0,0.0,428.346,0.0,747.588,72.054,214.67399999999998,0.0,0.0,0.0,0.0,63.55799999999999,26.052000000000003,0.0,0.0,0.0,0.0,0.0,0.0,0.0,0.0,167.12400000000002
2018-09-12,1500,0.0,0.0,474.0,0.0,0.0,253.49999999999997,0.0,430.5,64.5,105.0,0.0,0.0,0.0,0.0,37.5,39.0,0.0,0.0,0.0,0.0,0.0,0.0,0.0,0.0,96.00000000000009
2018-09-14,1000,0.0,0.0,312.0,0.0,0.0,174.0,0.0,291.0,34.0,108.0,0.0,0.0,0.0,0.0,23.0,0.0,0.0,0.0,0.0,0.0,0.0,0.0,0.0,0.0,58.00000000000011
2018-09-17,1310,0.0,0.0,413.8,0.0,0.0,218.7,0.0,378.6,44.25,137.55,0.0,0.0,0.0,0.0,33.55,27.8,0.0,5.75,0.0,0.0,0.0,0.0,0.0,0.0,50.00000000000002
2018-09-18,800,0.0,0.0,244.0,0.0,0.0,142.4,0.0,231.2,24.8,70.4,0.0,0.0,0.0,0.0,22.4,16.0,0.0,0.0,0.0,0.0,0.0,0.0,0.0,0.0,48.799999999999955
2018-09-19,2500,0.0,0.0,792.0,0.0,0.0,426.5,0.0,705.0,79.5,214.5,0.0,0.0,0.0,0.0,61.0,63.5,0.0,3.0,0.0,0.0,0.0,0.0,0.0,0.0,154.99999999999994
2018-09-21,3770,0.0,0.0,1234.486,0.0,0.0,657.398,0.0,1078.8870000000002,144.59300000000002,326.298,0.0,0.0,0.0,0.0,100.13500000000002,66.75,0.0,23.885,0.0,0.0,0.0,0.0,0.0,0.0,137.5679999999996
2018-09-22,1000,0.0,0.0,322.00000000000006,0.0,0.0,169.0,0.0,292.0,33.0,109.0,0.0,0.0,0.0,0.0,21.0,0.0,0.0,4.0,0.0,0.0,0.0,0.0,0.0,0.0,50.0
2018-09-24,867,0.0,0.0,263.568,0.0,0.0,152.592,0.0,246.22799999999998,30.345,71.094,0.0,0.0,0.0,0.0,21.675,20.807999999999996,0.0,6.936,0.0,0.0,0.0,0.0,0.0,0.0,53.754000000000026
2018-09-26,2300,0.0,0.0,732.6,0.0,0.0,375.5,0.0,676.6,84.8,180.7,0.0,0.0,0.0,0.0,57.6,55.0,0.0,0.0,0.0,0.0,0.0,0.0,0.0,0.0,137.20000000000005
2018-09-30,613,0.0,0.0,185.12599999999998,0.0,0.0,95.015,0.0,196.773,29.424,62.525999999999996,0.0,0.0,0.0,0.0,15.325,13.486,0.0,1.226,0.0,0.0,0.0,0.0,0.0,0.0,14.098999999999982
2018-10-01,2805,0.0,0.0,908.05,0.0,0.0,460.425,0.0,848.5,97.475,253.9,0.0,0.0,0.0,0.0,67.125,26.1,0.0,5.725,0.0,0.0,0.0,0.0,0.0,0.0,137.70000000000005
2018-10-02,1000,0.0,0.0,338.0,0.0,0.0,171.0,0.0,285.0,24.0,78.0,0.0,0.0,0.0,0.0,24.0,19.0,0.0,6.0,0.0,0.0,0.0,0.0,0.0,0.0,55.0
2018-10-03,1500,0.0,0.0,465.0,0.0,0.0,258.0,0.0,435.0,52.5,124.50000000000001,0.0,0.0,0.0,0.0,34.49999999999999,40.50000000000001,0.0,0.0,0.0,0.0,0.0,0.0,0.0,0.0,90.0
2018-10-05,1530,0.0,0.0,469.71,0.0,0.0,255.51,0.0,449.82,56.61,123.93,0.0,0.0,0.0,0.0,44.37,22.95,0.0,9.18,0.0,0.0,0.0,0.0,0.0,0.0,97.92000000000009
2018-10-08,1000,0.0,0.0,311.0,0.0,0.0,170.0,0.0,285.0,35.0,111.0,0.0,0.0,0.0,0.0,24.0,0.0,0.0,0.0,0.0,0.0,0.0,0.0,0.0,0.0,64.00000000000006
2018-10-10,4000,0.0,0.0,1248.0,0.0,0.0,687.5,0.0,1153.5,135.5,331.5,0.0,0.0,0.0,0.0,100.0,94.0,0.0,4.0,0.0,0.0,0.0,0.0,0.0,0.0,245.9999999999998
2018-10-11,1500,0.0,0.0,514.4999999999999,0.0,0.0,279.00000000000006,0.0,403.5,57.0,117.0,0.0,0.0,0.0,0.0,34.49999999999999,36.0,0.0,21.0,0.0,0.0,0.0,0.0,0.0,0.0,37.5
2018-10-13,1000,0.0,0.0,304.0,0.0,0.0,175.0,0.0,287.0,36.0,112.0,0.0,0.0,0.0,0.0,21.0,0.0,0.0,0.0,0.0,0.0,0.0,0.0,0.0,0.0,65.0
2018-10-17,2905,0.0,0.0,894.125,0.0,0.0,492.55,0.0,835.775,109.475,260.725,0.0,0.0,0.0,0.0,77.22500000000001,73.4,0.0,6.225,0.0,0.0,0.0,0.0,0.0,0.0,155.49999999999991
2018-10-19,1528,0.0,0.0,467.56800000000004,0.0,0.0,264.344,0.0,440.064,61.12,120.712,0.0,0.0,0.0,0.0,48.896,22.92,0.0,12.224,0.0,0.0,0.0,0.0,0.0,0.0,90.15200000000009
2018-10-20,1000,0.0,0.0,306.0,0.0,0.0,173.0,0.0,274.0,39.0,110.0,0.0,0.0,0.0,0.0,26.0,0.0,0.0,0.0,0.0,0.0,0.0,0.0,0.0,0.0,72.00000000000003
2018-10-22,975,0.0,0.0,297.375,0.0,0.0,179.4,0.0,264.225,33.15,78.0,0.0,0.0,0.0,0.0,28.275,25.35,0.0,6.825,0.0,0.0,0.0,0.0,0.0,0.0,62.400000000000055
2018-10-24,3300,0.0,0.0,1021.2,0.0,0.0,578.0,0.0,925.2,114.3,257.1,0.0,0.0,0.0,0.0,86.4,79.30000000000001,0.0,7.0,0.0,0.0,0.0,0.0,0.0,0.0,231.5000000000001
2018-10-25,1500,0.0,0.0,481.5,0.0,0.0,275.99999999999994,0.0,397.5,54.0,137.99999999999997,0.0,0.0,0.0,0.0,37.5,39.0,0.0,24.0,0.0,0.0,0.0,0.0,0.0,0.0,52.5
2018-10-27,798,0.0,0.0,240.19800000000004,0.0,0.0,134.06400000000002,0.0,240.99599999999998,35.91,81.396,0.0,0.0,0.0,0.0,19.151999999999997,15.161999999999999,0.0,0.0,0.0,0.0,0.0,0.0,0.0,0.0,31.122000000000043
2018-10-29,2001,0.0,0.0,647.3,0.0,0.0,330.16499999999996,0.0,563.2760000000001,58.031,181.094,0.0,0.0,0.0,0.0,52.031,50.022999999999996,0.0,4.0,0.0,0.0,0.0,0.0,0.0,0.0,115.08
2018-10-30,800,0.0,0.0,260.0,0.0,0.0,144.8,0.0,212.8,28.8,56.8,0.0,0.0,0.0,0.0,22.4,17.6,0.0,0.0,0.0,0.0,0.0,0.0,0.0,0.0,56.799999999999955
2018-10-31,1500,0.0,0.0,456.0,0.0,0.0,262.5,0.0,423.0,58.5,124.50000000000001,0.0,0.0,0.0,0.0,39.0,39.0,0.0,0.0,0.0,0.0,0.0,0.0,0.0,0.0,97.5
2018-11-02,805,0.0,0.0,243.11,0.0,0.0,141.68,0.0,218.155,33.004999999999995,88.55,0.0,0.0,0.0,0.0,20.125,0.0,0.0,0.0,0.0,0.0,0.0,0.0,0.0,0.0,60.375
2018-11-04,1200,0.0,0.0,366.0,0.0,0.0,207.6,0.0,342.0,40.8,103.2,0.0,0.0,0.0,0.0,0.0,0.0,0.0,0.0,0.0,0.0,0.0,0.0,0.0,0.0,140.40000000000003
2018-11-07,2500,0.0,0.0,773.5,0.0,0.0,446.50000000000006,0.0,670.0,97.5,205.0,0.0,0.0,0.0,0.0,59.49999999999999,69.5,0.0,5.0,0.0,0.0,0.0,0.0,0.0,0.0,173.5
2018-11-10,1500,0.0,0.0,477.0,0.0,0.0,280.5,0.0,402.0,57.0,144.0,0.0,0.0,0.0,0.0,36.0,37.5,0.0,13.5,0.0,0.0,0.0,0.0,0.0,0.0,52.5
2018-11-11,1000,0.0,0.0,304.0,0.0,0.0,178.0,0.0,266.0,42.0,112.0,0.0,0.0,0.0,0.0,24.0,0.0,0.0,0.0,0.0,0.0,0.0,0.0,0.0,0.0,74.00000000000006
2018-11-12,1312,0.0,0.0,406.56,0.0,0.0,221.28000000000003,0.0,364.64,54.08,140.16,0.0,0.0,0.0,0.0,36.0,30.240000000000002,0.0,4.96,0.0,0.0,0.0,0.0,0.0,0.0,54.07999999999991
2018-11-13,2338,0.0,0.0,744.656,0.0,0.0,423.97800000000007,0.0,627.874,89.582,179.84,0.0,0.0,0.0,0.0,69.278,44.546,0.0,12.304,0.0,0.0,0.0,0.0,0.0,0.0,145.942
2018-11-14,1500,0.0,0.0,490.50000000000006,0.0,0.0,262.5,0.0,396.0,52.5,117.0,0.0,0.0,0.0,0.0,37.5,45.0,0.0,0.0,0.0,0.0,0.0,0.0,0.0,0.0,98.99999999999991
2018-11-19,1081,0.0,0.0,324.3,0.0,0.0,191.33700000000002,0.0,297.275,37.835,90.804,0.0,0.0,0.0,0.0,24.862999999999996,27.025,0.0,8.648000000000001,0.0,0.0,0.0,0.0,0.0,0.0,78.91299999999997
2018-11-20,3403,0.0,0.0,1126.933,0.0,0.0,609.355,0.0,905.789,118.917,261.634,0.0,0.0,0.0,0.0,31.0,66.651,0.0,22.03,0.0,0.0,0.0,0.0,0.0,0.0,260.6909999999998
2018-11-21,1500,0.0,0.0,472.5,0.0,0.0,270.0,0.0,397.5,52.5,126.0,0.0,0.0,0.0,0.0,34.49999999999999,42.0,0.0,0.0,0.0,0.0,0.0,0.0,0.0,0.0,105.0
2018-11-22,1500,0.0,0.0,472.5,0.0,0.0,285.0,0.0,394.5,55.5,147.00000000000003,0.0,0.0,0.0,0.0,30.0,40.50000000000001,0.0,16.500000000000004,0.0,0.0,0.0,0.0,0.0,0.0,58.500000000000085
2018-11-23,800,0.0,0.0,256.0,0.0,0.0,144.0,0.0,206.4,32.0,90.4,0.0,0.0,0.0,0.0,0.0,0.0,0.0,0.0,0.0,0.0,0.0,0.0,0.0,0.0,71.20000000000005
2018-11-26,797,0.0,0.0,254.243,0.0,0.0,144.257,0.0,206.423,31.083,89.264,0.0,0.0,0.0,0.0,0.0,0.0,0.0,0.0,0.0,0.0,0.0,0.0,0.0,0.0,71.73
2018-11-27,3303,0.0,0.0,1094.46,0.0,0.0,596.0550000000001,0.0,841.977,132.12,259.149,0.0,0.0,0.0,0.0,27.0,72.363,0.0,19.833000000000002,0.0,0.0,0.0,0.0,0.0,0.0,260.0429999999998
2018-11-28,3000,0.0,0.0,960.0,0.0,0.0,531.0,0.0,829.5,100.5,252.0,0.0,0.0,0.0,0.0,36.0,42.0,0.0,0.0,0.0,0.0,0.0,0.0,0.0,0.0,249.0000000000001
2018-12-01,1000,0.0,0.0,320.0,0.0,0.0,177.0,0.0,255.0,43.0,110.0,0.0,0.0,0.0,0.0,0.0,0.0,0.0,0.0,0.0,0.0,0.0,0.0,0.0,0.0,95.0
2018-12-04,1784,0.0,0.0,572.664,0.0,0.0,330.04,0.0,458.48799999999994,71.36,146.28799999999998,0.0,0.0,0.0,0.0,0.0,39.248000000000005,0.0,14.272,0.0,0.0,0.0,0.0,0.0,0.0,151.64
2018-12-05,1500,0.0,0.0,480.0,0.0,0.0,262.5,0.0,393.0,55.5,130.49999999999997,0.0,0.0,0.0,0.0,34.49999999999999,45.0,0.0,0.0,0.0,0.0,0.0,0.0,0.0,0.0,98.99999999999991
2018-12-10,3894,0.0,0.0,1238.46,0.0,0.0,670.7719999999999,0.0,1026.74,156.01,373.45000000000005,0.0,0.0,0.0,0.0,94.733,86.219,0.0,1.6,0.0,0.0,0.0,0.0,0.0,0.0,246.016
2018-12-11,3106,0.0,0.0,1005.893,0.0,0.0,543.0409999999999,0.0,816.1469999999999,125.84,279.467,0.0,0.0,0.0,0.0,30.974999999999998,76.126,0.0,21.942,0.0,0.0,0.0,0.0,0.0,0.0,206.5689999999999
2018-12-12,4801,0.0,0.0,1568.7179999999998,0.0,0.0,805.268,0.0,1288.6799999999998,189.049,410.898,0.0,0.0,0.0,0.0,48.89999999999999,81.42099999999999,0.0,0.0,0.0,0.0,0.0,0.0,0.0,0.0,408.0659999999999
2018-12-17,1819,0.0,0.0,582.38,0.0,0.0,309.013,0.0,472.423,67.23599999999999,168.966,0.0,0.0,0.0,0.0,22.396000000000004,34.611999999999995,0.0,7.1259999999999994,0.0,0.0,0.0,0.0,0.0,0.0,154.84799999999996
2018-12-18,1611,0.0,0.0,505.8539999999999,0.0,0.0,289.98,0.0,449.46899999999994,66.05099999999999,136.935,0.0,0.0,0.0,0.0,0.0,33.831,0.0,14.499,0.0,0.0,0.0,0.0,0.0,0.0,114.38099999999991
2018-12-20,2000,0.0,0.0,643.0,0.0,0.0,328.0,0.0,555.0,69.0,190.0,0.0,0.0,0.0,0.0,52.0,42.0,0.0,16.0,0.0,0.0,0.0,0.0,0.0,0.0,105.0
2018-12-23,894,0.0,0.0,281.61,0.0,0.0,151.98,0.0,255.68400000000003,39.336000000000006,95.65799999999999,0.0,0.0,0.0,0.0,23.244,16.986,0.0,1.788,0.0,0.0,0.0,0.0,0.0,0.0,27.713999999999952
2019-01-04,1500,0.0,0.0,483.00000000000006,0.0,0.0,259.5,0.0,394.5,57.0,124.50000000000001,0.0,0.0,0.0,0.0,42.0,43.5,0.0,0.0,0.0,0.0,0.0,0.0,0.0,0.0,96.00000000000009
2019-01-06,1003,0.0,0.0,318.954,0.0,0.0,178.53400000000002,0.0,249.74699999999996,42.126000000000005,109.32700000000001,0.0,0.0,0.0,0.0,0.0,0.0,0.0,0.0,0.0,0.0,0.0,0.0,0.0,0.0,104.31199999999991
2019-01-07,1096,0.0,0.0,337.56800000000004,0.0,0.0,204.952,0.0,280.576,36.168,101.92800000000001,0.0,0.0,0.0,0.0,26.304000000000002,31.784000000000002,0.0,4.384,0.0,0.0,0.0,0.0,0.0,0.0,72.3360000000001
2019-01-08,2845,0.0,0.0,901.2749999999999,0.0,0.0,522.5150000000001,0.0,736.1400000000001,113.615,241.52000000000004,0.0,0.0,0.0,0.0,35.825,60.9,0.0,14.845,0.0,0.0,0.0,0.0,0.0,0.0,218.36499999999995
2019-01-09,3500,0.0,0.0,1099.0,0.0,0.0,609.5,0.0,888.0,141.0,357.0,0.0,0.0,0.0,0.0,46.5,110.0,0.0,0.0,0.0,0.0,0.0,0.0,0.0,0.0,248.99999999999991
2019-01-14,1500,0.0,0.0,480.0,0.0,0.0,264.00000000000006,0.0,397.5,51.0,135.0,0.0,0.0,0.0,0.0,0.0,0.0,0.0,0.0,0.0,0.0,0.0,0.0,0.0,0.0,172.5
2019-01-15,4899,0.0,0.0,1574.589,0.0,0.0,866.065,0.0,1261.404,205.93600000000004,429.89700000000005,0.0,0.0,0.0,0.0,59.025,127.574,0.0,26.877000000000002,0.0,0.0,0.0,0.0,0.0,0.0,347.6329999999997
2019-01-16,2505,0.0,0.0,786.06,0.0,0.0,445.37999999999994,0.0,641.775,105.19500000000002,249.6,0.0,0.0,0.0,0.0,42.0,45.0,0.0,0.0,0.0,0.0,0.0,0.0,0.0,0.0,189.9899999999999
2019-01-22,2304,0.0,0.0,693.0010000000001,0.0,0.0,407.88899999999995,0.0,618.105,107.28200000000001,213.104,0.0,0.0,0.0,0.0,12.575,56.886,0.0,15.121999999999998,0.0,0.0,0.0,0.0,0.0,0.0,180.0359999999999
2019-01-23,1500,0.0,0.0,489.0,0.0,0.0,258.0,0.0,373.5,67.5,121.5,0.0,0.0,0.0,0.0,39.0,43.5,0.0,0.0,0.0,0.0,0.0,0.0,0.0,0.0,108.00000000000004
2019-01-27,1000,0.0,0.0,302.0,0.0,0.0,179.0,0.0,258.0,43.0,119.0,0.0,0.0,0.0,0.0,0.0,0.0,0.0,0.0,0.0,0.0,0.0,0.0,0.0,0.0,99.00000000000006
2019-01-28,1006,0.0,0.0,339.02200000000005,0.0,0.0,183.092,0.0,250.49399999999997,33.198,94.564,0.0,0.0,0.0,0.0,28.167999999999996,30.18,0.0,0.0,0.0,0.0,0.0,0.0,0.0,0.0,47.28199999999989
2019-01-29,3089,0.0,0.0,956.058,0.0,0.0,548.162,0.0,796.713,139.805,300.327,0.0,0.0,0.0,0.0,42.29,88.55499999999999,0.0,20.803000000000004,0.0,0.0,0.0,0.0,0.0,0.0,196.2870000000001
2019-01-30,1500,0.0,0.0,506.99999999999994,0.0,0.0,252.0,0.0,360.0,64.5,124.50000000000001,0.0,0.0,0.0,0.0,43.5,46.5,0.0,0.0,0.0,0.0,0.0,0.0,0.0,0.0,102.00000000000017
2019-01-31,800,0.0,0.0,269.6,0.0,0.0,140.0,0.0,188.0,34.4,63.2,0.0,0.0,0.0,0.0,23.2,21.6,0.0,0.0,0.0,0.0,0.0,0.0,0.0,0.0,60.0
2019-02-02,1113,0.0,0.0,348.369,0.0,0.0,208.13099999999997,0.0,277.13699999999994,38.955,100.17,0.0,0.0,0.0,0.0,28.938000000000002,26.712,0.0,6.678,0.0,0.0,0.0,0.0,0.0,0.0,77.91
2019-02-03,998,0.0,0.0,320.358,0.0,0.0,172.65400000000002,0.0,249.5,40.918,116.76599999999999,0.0,0.0,0.0,0.0,0.0,0.0,0.0,0.0,0.0,0.0,0.0,0.0,0.0,0.0,97.8040000000001
2019-02-05,1803,0.0,0.0,542.703,0.0,0.0,337.161,0.0,452.55300000000005,81.135,174.891,0.0,0.0,0.0,0.0,0.0,54.09,0.0,14.424000000000001,0.0,0.0,0.0,0.0,0.0,0.0,146.0429999999999
2019-02-06,2500,0.0,0.0,851.0,0.0,0.0,423.5,0.0,603.5,104.99999999999999,208.5,0.0,0.0,0.0,0.0,62.50000000000001,88.5,0.0,8.0,0.0,0.0,0.0,0.0,0.0,0.0,149.50000000000003
2019-02-07,800,0.0,0.0,273.6,0.0,0.0,137.6,0.0,186.4,34.4,64.8,0.0,0.0,0.0,0.0,24.0,22.4,0.0,0.0,0.0,0.0,0.0,0.0,0.0,0.0,56.799999999999955
2019-02-12,3600,0.0,0.0,1198.7,0.0,0.0,622.8,0.0,883.4,149.6,329.4,0.0,0.0,0.0,0.0,72.7,62.099999999999994,0.0,4.9,0.0,0.0,0.0,0.0,0.0,0.0,276.4
2019-02-13,2503,0.0,0.0,832.487,0.0,0.0,459.5400000000001,0.0,575.229,118.65299999999999,238.30900000000003,0.0,0.0,0.0,0.0,43.5,43.5,0.0,0.0,0.0,0.0,0.0,0.0,0.0,0.0,191.78200000000007
2019-02-14,1500,0.0,0.0,543.0000000000001,0.0,0.0,280.5,0.0,348.0,51.0,135.0,0.0,0.0,0.0,0.0,27.0,42.0,0.0,0.0,0.0,0.0,0.0,0.0,0.0,0.0,73.50000000000009
2019-02-17,1000,0.0,0.0,330.0,0.0,0.0,169.0,0.0,232.0,44.0,120.0,0.0,0.0,0.0,0.0,0.0,0.0,0.0,0.0,0.0,0.0,0.0,0.0,0.0,0.0,105.0
2019-02-19,2602,0.0,0.0,830.8140000000001,0.0,0.0,462.55799999999994,0.0,624.496,129.704,255.20600000000002,0.0,0.0,0.0,0.0,28.8,76.46000000000001,0.0,12.613999999999999,0.0,0.0,0.0,0.0,0.0,0.0,181.3480000000001
2019-02-20,1500,0.0,0.0,498.00000000000006,0.0,0.0,277.5,0.0,339.0,64.5,130.49999999999997,0.0,0.0,0.0,0.0,45.0,46.5,0.0,0.0,0.0,0.0,0.0,0.0,0.0,0.0,98.99999999999991
2019-02-22,1084,0.0,0.0,350.13199999999995,0.0,0.0,204.87599999999998,0.0,246.06799999999998,43.36,102.98,0.0,0.0,0.0,0.0,27.1,28.184,0.0,6.504,0.0,0.0,0.0,0.0,0.0,0.0,74.79600000000006
2019-02-25,1305,0.0,0.0,435.875,0.0,0.0,242.22500000000002,0.0,300.65,60.325,143.55,0.0,0.0,0.0,0.0,22.775,47.275000000000006,0.0,2.525,0.0,0.0,0.0,0.0,0.0,0.0,49.800000000000026
2019-02-26,3403,0.0,0.0,1135.136,0.0,0.0,620.746,0.0,770.3140000000001,156.15,330.32099999999997,0.0,0.0,0.0,0.0,52.0,112.09,0.0,14.618,0.0,0.0,0.0,0.0,0.0,0.0,211.62500000000003
2019-02-27,2500,0.0,0.0,826.0,0.0,0.0,480.0,0.0,551.5,113.00000000000001,253.00000000000003,0.0,0.0,0.0,0.0,36.0,45.0,0.0,0.0,0.0,0.0,0.0,0.0,0.0,0.0,195.49999999999997
2019-03-01,1500,0.0,0.0,531.0,0.0,0.0,304.5,0.0,324.00000000000006,57.0,132.00000000000003,0.0,0.0,0.0,0.0,28.5,48.0,0.0,0.0,0.0,0.0,0.0,0.0,0.0,0.0,75.0
2019-03-03,1003,0.0,0.0,325.975,0.0,0.0,188.56400000000002,0.0,218.65400000000002,46.13799999999999,120.36,0.0,0.0,0.0,0.0,0.0,0.0,0.0,0.0,0.0,0.0,0.0,0.0,0.0,0.0,103.30899999999998
2019-03-05,2603,0.0,0.0,839.336,0.0,0.0,499.17900000000003,0.0,591.896,122.544,255.90599999999998,0.0,0.0,0.0,0.0,26.4,78.293,0.0,10.818,0.0,0.0,0.0,0.0,0.0,0.0,178.62799999999982
2019-03-06,3500,0.0,0.0,1129.5,0.0,0.0,710.5,0.0,771.0,145.5,383.5,0.0,0.0,0.0,0.0,39.0,108.0,0.0,0.0,0.0,0.0,0.0,0.0,0.0,0.0,213.00000000000017
2019-03-11,1005,0.0,0.0,345.72,0.0,0.0,190.95,0.0,233.16,42.21,96.48,0.0,0.0,0.0,0.0,26.13,25.125,0.0,0.0,0.0,0.0,0.0,0.0,0.0,0.0,45.225
2019-03-12,4645,0.0,0.0,1493.8700000000001,0.0,0.0,925.9549999999999,0.0,1074.01,198.805,440.61000000000007,0.0,0.0,0.0,0.0,35.7,96.29499999999999,0.0,13.57,0.0,0.0,0.0,0.0,0.0,0.0,366.18499999999983
2019-03-13,1500,0.0,0.0,508.5,0.0,0.0,316.50000000000006,0.0,315.0,66.00000000000001,129.0,0.0,0.0,0.0,0.0,36.0,45.0,0.0,0.0,0.0,0.0,0.0,0.0,0.0,0.0,83.99999999999991
2019-03-17,1000,0.0,0.0,312.0,0.0,0.0,204.0,0.0,218.0,44.0,119.0,0.0,0.0,0.0,0.0,0.0,0.0,0.0,0.0,0.0,0.0,0.0,0.0,0.0,0.0,102.99999999999996
2019-03-19,2585,0.0,0.0,829.965,0.0,0.0,544.45,0.0,580.89,120.88000000000001,250.5,0.0,0.0,0.0,0.0,22.4,75.15,0.0,10.71,0.0,0.0,0.0,0.0,0.0,0.0,150.05500000000035
2019-03-20,3300,0.0,0.0,1096.8,0.0,0.0,690.6,0.0,676.9,153.1,338.69999999999993,0.0,0.0,0.0,0.0,52.099999999999994,72.3,0.0,0.0,0.0,0.0,0.0,0.0,0.0,0.0,219.50000000000017
2019-03-22,1500,0.0,0.0,536.9999999999999,0.0,0.0,318.0,0.0,304.5,61.49999999999999,137.99999999999997,0.0,0.0,0.0,0.0,22.5,46.5,0.0,0.0,0.0,0.0,0.0,0.0,0.0,0.0,72.00000000000017
2019-03-25,4000,0.0,0.0,1276.0,0.0,0.0,864.0,0.0,852.0,184.0,364.0,0.0,0.0,0.0,0.0,144.0,128.0,0.0,0.0,0.0,0.0,0.0,0.0,0.0,0.0,188.0000000000001
2019-03-26,4165,0.0,0.0,1349.0700000000002,0.0,0.0,877.315,0.0,921.885,187.385,384.975,0.0,0.0,0.0,0.0,23.2,77.55000000000001,0.0,11.19,0.0,0.0,0.0,0.0,0.0,0.0,332.43
2019-03-27,1500,0.0,0.0,493.5,0.0,0.0,312.0,0.0,333.0,68.99999999999999,135.0,0.0,0.0,0.0,0.0,15.0,43.5,0.0,0.0,0.0,0.0,0.0,0.0,0.0,0.0,98.99999999999991
2019-03-28,1002,0.0,0.0,320.64,0.0,0.0,202.40399999999997,0.0,210.42,47.09400000000001,118.236,0.0,0.0,0.0,0.0,0.0,0.0,0.0,0.0,0.0,0.0,0.0,0.0,0.0,0.0,103.20599999999996
2019-03-29,2000,0.0,0.0,633.0,0.0,0.0,431.0,0.0,418.0,102.0,187.0,0.0,0.0,0.0,0.0,66.0,52.0,0.0,6.0,0.0,0.0,0.0,0.0,0.0,0.0,104.99999999999986
2019-03-31,1000,0.0,0.0,319.0,0.0,0.0,201.0,0.0,210.0,46.0,121.0,0.0,0.0,0.0,0.0,0.0,0.0,0.0,0.0,0.0,0.0,0.0,0.0,0.0,0.0,103.00000000000011
2019-04-02,5025,0.0,0.0,1656.075,0.0,0.0,1045.875,0.0,1132.375,241.875,480.82500000000005,0.0,0.0,0.0,0.0,80.1,148.425,0.0,10.35,0.0,21.0,0.0,0.0,0.0,0.0,208.09999999999982
2019-04-03,2804,0.0,0.0,881.92,0.0,0.0,593.1,0.0,598.6,141.90000000000003,275.22,0.0,0.0,0.0,0.0,89.82,92.02,0.0,2.52,0.0,0.0,0.0,0.0,0.0,0.0,128.9
2019-04-05,1500,0.0,0.0,535.5000000000001,0.0,0.0,313.49999999999994,0.0,307.5,64.5,142.5,0.0,0.0,0.0,0.0,25.5,42.0,0.0,0.0,0.0,0.0,0.0,0.0,0.0,0.0,68.99999999999991
2019-04-07,1000,0.0,0.0,319.0,0.0,0.0,200.0,0.0,214.0,47.0,123.0,0.0,0.0,0.0,0.0,0.0,0.0,0.0,0.0,0.0,0.0,0.0,0.0,0.0,0.0,97.00000000000004
2019-04-09,1845,0.0,0.0,579.33,0.0,0.0,411.435,0.0,396.675,88.56,186.345,0.0,0.0,0.0,0.0,0.0,53.505,0.0,9.225,0.0,0.0,0.0,0.0,0.0,0.0,119.925
2019-04-10,1500,0.0,0.0,484.49999999999994,0.0,0.0,322.5,0.0,337.5,72.0,133.5,0.0,0.0,0.0,0.0,43.5,49.5,0.0,0.0,0.0,0.0,0.0,0.0,0.0,0.0,56.99999999999996
2019-04-11,1000,0.0,0.0,332.0,0.0,0.0,211.0,0.0,223.0,51.0,99.0,0.0,0.0,0.0,0.0,27.0,20.0,0.0,0.0,0.0,0.0,0.0,0.0,0.0,0.0,36.999999999999886
2019-04-16,3097,0.0,0.0,995.8040000000001,0.0,0.0,650.2070000000001,0.0,685.019,159.571,308.045,0.0,0.0,0.0,0.0,93.631,97.51599999999999,0.0,0.0,0.0,0.0,0.0,0.0,0.0,0.0,107.20699999999994
2019-04-17,2300,0.0,0.0,747.6999999999999,0.0,0.0,488.4,0.0,508.1,110.4,199.6,0.0,0.0,0.0,0.0,86.2,69.8,0.0,0.0,0.0,0.0,0.0,0.0,0.0,0.0,89.79999999999991
2019-04-18,2500,0.0,0.0,866.0,0.0,0.0,513.5,0.0,521.5,130.0,246.49999999999997,0.0,0.0,0.0,0.0,28.5,46.5,0.0,0.0,0.0,0.0,0.0,0.0,0.0,0.0,147.50000000000014
2019-04-19,1000,0.0,0.0,315.0,0.0,0.0,220.0,0.0,235.0,57.0,91.0,0.0,0.0,0.0,0.0,21.0,29.0,0.0,0.0,0.0,10.0,0.0,0.0,0.0,0.0,22.00000000000003
2019-04-22,1500,0.0,0.0,465.0,0.0,0.0,300.0,0.0,352.5,78.0,139.50000000000003,0.0,0.0,0.0,0.0,0.0,0.0,0.0,0.0,0.0,0.0,0.0,0.0,0.0,0.0,165.0
2019-04-23,1525,0.0,0.0,477.325,0.0,0.0,344.65,0.0,352.275,82.35,155.54999999999998,0.0,0.0,0.0,0.0,42.7,44.225,0.0,0.0,0.0,0.0,0.0,0.0,0.0,0.0,25.924999999999827
2019-04-24,1500,0.0,0.0,474.0,0.0,0.0,337.5,0.0,327.0,75.0,132.00000000000003,0.0,0.0,0.0,0.0,46.5,43.5,0.0,0.0,0.0,0.0,0.0,0.0,0.0,0.0,64.49999999999996
2019-04-27,1536,0.0,0.0,494.59200000000004,0.0,0.0,336.38399999999996,0.0,351.7439999999999,78.336,155.136,0.0,0.0,0.0,0.0,38.4,46.08,0.0,0.0,0.0,0.0,0.0,0.0,0.0,0.0,35.32799999999995
2019-04-28,1000,0.0,0.0,312.0,0.0,0.0,214.0,0.0,223.0,52.0,122.0,0.0,0.0,0.0,0.0,0.0,0.0,0.0,0.0,0.0,0.0,0.0,0.0,0.0,0.0,77.00000000000003
2019-04-30,3604,0.0,0.0,1138.34,0.0,0.0,762.72,0.0,792.1800000000001,179.12,343.70000000000005,0.0,0.0,0.0,0.0,99.28,113.34,0.0,0.0,0.0,0.0,0.0,0.0,0.0,0.0,175.32000000000005
2019-05-02,1000,0.0,0.0,321.0,0.0,0.0,214.0,0.0,222.0,53.0,95.0,0.0,0.0,0.0,0.0,32.0,23.0,0.0,0.0,0.0,0.0,0.0,0.0,0.0,0.0,40.0
2019-05-04,1509,0.0,0.0,467.79,0.0,0.0,316.89,0.0,331.98,75.45,158.445,0.0,0.0,0.0,0.0,52.815,52.815,0.0,0.0,0.0,0.0,0.0,0.0,0.0,0.0,52.815
2019-05-05,1500,0.0,0.0,465.0,0.0,0.0,330.0,0.0,345.0,84.0,127.5,0.0,0.0,0.0,0.0,42.0,45.0,0.0,0.0,0.0,0.0,0.0,0.0,0.0,0.0,61.499999999999915
2019-05-06,3462,0.0,0.0,1101.7640000000001,0.0,0.0,718.8879999999999,0.0,802.502,172.714,304.615,0.0,0.0,0.0,0.0,88.592,116.937,0.0,0.0,0.0,0.0,0.0,0.0,0.0,0.0,155.98799999999997
2019-05-07,1500,0.0,0.0,506.99999999999994,0.0,0.0,331.5,0.0,340.5,87.0,117.0,0.0,0.0,0.0,0.0,31.5,36.0,0.0,0.0,0.0,0.0,0.0,0.0,0.0,0.0,49.50000000000017
2019-05-08,503,0.0,0.0,153.415,0.0,0.0,105.63,0.0,110.66,25.15,50.3,0.0,0.0,0.0,0.0,10.06,17.605,0.0,0.0,0.0,0.0,0.0,0.0,0.0,0.0,30.18
2019-05-28,1500,0.0,0.0,544.4999999999999,0.0,0.0,357.0,0.0,247.5,102.0,118.5,0.0,0.0,0.0,0.0,21.0,40.50000000000001,0.0,0.0,0.0,0.0,0.0,0.0,0.0,0.0,68.99999999999991
2019-05-29,1500,0.0,0.0,547.5,0.0,0.0,352.5,0.0,262.5,99.0,103.5,0.0,0.0,0.0,0.0,25.5,40.50000000000001,0.0,0.0,0.0,0.0,0.0,0.0,0.0,0.0,68.99999999999991
2019-06-01,1600,0.0,0.0,544.0,0.0,0.0,384.0,0.0,304.0,96.0,128.0,0.0,0.0,0.0,0.0,32.0,48.0,0.0,0.0,0.0,0.0,0.0,0.0,0.0,0.0,64.0
2019-06-02,1000,0.0,0.0,358.0,0.0,0.0,239.0,0.0,168.0,68.0,92.0,0.0,0.0,0.0,0.0,0.0,0.0,0.0,0.0,0.0,0.0,0.0,0.0,0.0,0.0,75.0
2019-06-03,1700,0.0,0.0,600.0999999999999,0.0,0.0,392.7,0.0,306.0,122.4,105.4,0.0,0.0,0.0,0.0,0.0,44.2,0.0,0.0,0.0,45.9,20.4,0.0,0.0,0.0,62.89999999999981
2019-06-05,1000,0.0,0.0,361.0,0.0,0.0,237.0,0.0,169.0,66.0,90.0,0.0,0.0,0.0,0.0,0.0,0.0,0.0,0.0,0.0,0.0,0.0,0.0,0.0,0.0,77.00000000000003
2019-06-06,800,0.0,0.0,272.0,0.0,0.0,186.4,0.0,151.2,56.0,55.2,0.0,0.0,0.0,0.0,0.0,24.0,0.0,0.0,0.0,20.0,14.4,0.0,0.0,0.0,20.799999999999955
2019-06-09,2500,0.0,0.0,919.4999999999999,0.0,0.0,578.0,0.0,444.99999999999994,161.5,181.5,0.0,0.0,0.0,0.0,0.0,42.0,0.0,0.0,0.0,42.0,22.5,0.0,0.0,0.0,108.00000000000011
2019-06-10,1305,0.0,0.0,457.55,0.0,0.0,306.675,0.0,229.85,80.7,96.4,0.0,0.0,0.0,0.0,0.0,43.15,0.0,0.0,0.0,17.975,28.5,0.0,0.0,0.0,44.2
2019-06-11,1735,0.0,0.0,610.72,0.0,0.0,414.665,0.0,312.3,116.245,149.21,0.0,0.0,0.0,0.0,0.0,43.375,0.0,0.0,0.0,19.085,32.965,0.0,0.0,0.0,36.4349999999999
2019-06-12,2300,0.0,0.0,831.0,0.0,0.0,518.3,0.0,428.1,154.9,152.6,0.0,0.0,0.0,0.0,0.0,64.5,0.0,0.0,0.0,60.6,39.1,0.0,0.0,0.0,50.89999999999985
2019-06-18,1815,0.0,0.0,635.25,0.0,0.0,442.86,0.0,324.885,127.05,145.2,0.0,0.0,0.0,0.0,0.0,49.005,0.0,0.0,0.0,19.965000000000003,36.3,0.0,0.0,0.0,34.485000000000106
2019-06-19,3000,0.0,0.0,1087.5,0.0,0.0,669.0,0.0,547.5,199.5,204.0,0.0,0.0,0.0,0.0,0.0,42.0,0.0,0.0,0.0,40.50000000000001,24.0,0.0,0.0,0.0,186.00000000000009
2019-06-23,1000,0.0,0.0,355.0,0.0,0.0,234.0,0.0,170.0,66.0,91.0,0.0,0.0,0.0,0.0,0.0,0.0,0.0,0.0,0.0,0.0,0.0,0.0,0.0,0.0,84.00000000000006
2019-06-25,2845,0.0,0.0,971.37,0.0,0.0,651.11,0.0,523.55,190.615,249.825,0.0,0.0,0.0,0.0,0.0,87.505,0.0,0.0,0.0,41.605000000000004,55.9,0.0,0.0,0.0,73.51999999999995
2019-06-26,1500,0.0,0.0,570.0,0.0,0.0,339.0,0.0,258.0,96.0,97.5,0.0,0.0,0.0,0.0,0.0,42.0,0.0,0.0,0.0,40.50000000000001,22.5,0.0,0.0,0.0,34.49999999999996
2019-06-29,1698,0.0,0.0,594.3,0.0,0.0,399.03,0.0,307.338,115.464,106.97399999999999,0.0,0.0,0.0,0.0,0.0,45.846000000000004,0.0,0.0,0.0,42.45,32.262,0.0,0.0,0.0,54.33599999999981
2019-06-30,1000,0.0,0.0,350.0,0.0,0.0,230.0,0.0,170.0,60.0,90.0,0.0,0.0,0.0,0.0,20.0,30.0,0.0,0.0,0.0,0.0,0.0,0.0,0.0,0.0,50.0
2019-07-01,1700,0.0,0.0,629.0,0.0,0.0,389.3,0.0,306.0,119.0,113.9,0.0,0.0,0.0,0.0,0.0,30.6,0.0,0.0,0.0,28.9,23.8,0.0,0.0,0.0,59.5
2019-07-03,1500,0.0,0.0,562.5,0.0,0.0,340.5,0.0,260.99999999999994,99.0,102.0,0.0,0.0,0.0,0.0,0.0,43.5,0.0,0.0,0.0,36.0,25.5,0.0,0.0,0.0,30.0
2019-07-04,16000,0.0,0.0,5104.0,0.0,0.0,2672.0,0.0,4016.0,720.0,1872.0,0.0,0.0,0.0,0.0,0.0,496.0,0.0,0.0,0.0,0.0,0.0,0.0,0.0,0.0,1120.0
2019-07-07,1000,0.0,0.0,378.0,0.0,0.0,234.0,0.0,169.0,69.0,77.0,0.0,0.0,0.0,0.0,0.0,0.0,0.0,0.0,0.0,0.0,0.0,0.0,0.0,0.0,73.00000000000011
2019-07-08,1824,0.0,0.0,630.96,0.0,0.0,408.786,0.0,370.251,110.667,128.487,0.0,0.0,0.0,0.0,0.0,57.384,0.0,0.0,0.0,21.357000000000003,23.568,0.0,0.0,0.0,72.54000000000013
2019-07-09,1300,0.0,0.0,492.7,0.0,0.0,293.8,0.0,222.30000000000004,91.0,81.9,0.0,0.0,0.0,0.0,0.0,29.899999999999995,0.0,0.0,0.0,23.4,22.1,0.0,0.0,0.0,42.89999999999996
2019-07-10,2500,0.0,0.0,936.5000000000001,0.0,0.0,565.0,0.0,440.49999999999994,164.0,184.0,0.0,0.0,0.0,0.0,0.0,68.0,0.0,0.0,0.0,56.0,41.0,0.0,0.0,0.0,45.00000000000007
2019-07-15,1419,0.0,0.0,484.189,0.0,0.0,327.03200000000004,0.0,309.898,83.559,104.33,0.0,0.0,0.0,0.0,0.0,22.975,0.0,0.0,0.0,0.0,3.676,0.0,0.0,0.0,83.34100000000005
2019-07-16,2400,0.0,0.0,889.6,0.0,0.0,539.4000000000001,0.0,413.40000000000003,155.2,168.8,0.0,0.0,0.0,0.0,0.0,64.4,0.0,0.0,0.0,45.2,43.2,0.0,0.0,0.0,80.79999999999993
2019-07-17,2500,0.0,0.0,936.9999999999999,0.0,0.0,558.5,0.0,450.5,160.5,179.0,0.0,0.0,0.0,0.0,0.0,66.0,0.0,0.0,0.0,56.5,45.0,0.0,0.0,0.0,47.00000000000003
2019-07-22,2500,0.0,0.0,900.0,0.0,0.0,537.5,0.0,450.0,161.5,183.0,0.0,0.0,0.0,0.0,0.0,33.0,0.0,0.0,0.0,0.0,23.0,0.0,0.0,0.0,211.9999999999999
2019-07-24,2500,0.0,0.0,951.0,0.0,0.0,557.0,0.0,434.5,162.0,175.5,0.0,0.0,0.0,0.0,0.0,65.5,0.0,0.0,0.0,55.49999999999999,45.5,0.0,0.0,0.0,53.49999999999994
2019-07-27,1500,0.0,0.0,583.5,0.0,0.0,349.5,0.0,222.0,111.0,100.5,0.0,0.0,0.0,0.0,0.0,34.49999999999999,0.0,0.0,0.0,25.5,28.5,0.0,0.0,0.0,45.0
2019-07-29,1700,0.0,0.0,637.5,0.0,0.0,384.2,0.0,289.0,117.3,105.4,0.0,0.0,0.0,0.0,0.0,37.400000000000006,0.0,0.0,0.0,32.3,34.0,0.0,0.0,0.0,62.90000000000005
2019-07-30,2000,0.0,0.0,737.0,0.0,0.0,430.0,0.0,354.0,135.0,152.0,0.0,0.0,0.0,0.0,0.0,59.0,0.0,0.0,0.0,42.0,36.0,0.0,0.0,0.0,55.0
2019-08-05,1000,0.0,0.0,380.0,0.0,0.0,224.0,0.0,175.0,60.0,80.0,0.0,0.0,0.0,0.0,0.0,24.0,0.0,0.0,0.0,22.0,14.0,0.0,0.0,0.0,20.999999999999947
2019-08-07,2500,0.0,0.0,902.5,0.0,0.0,585.0,0.0,455.0,177.5,150.0,0.0,0.0,0.0,0.0,0.0,57.5,0.0,0.0,0.0,45.0,45.0,0.0,0.0,0.0,82.49999999999993
2019-08-12,802,0.0,0.0,257.442,0.0,0.0,182.85600000000002,0.0,190.07399999999998,52.931999999999995,48.922,0.0,0.0,0.0,0.0,0.0,22.456,0.0,0.0,0.0,0.0,6.416,0.0,0.0,0.0,40.90199999999995
2019-08-19,1008,0.0,0.0,362.88,0.0,0.0,236.88,0.0,161.28,81.648,64.512,0.0,0.0,0.0,0.0,0.0,20.16,0.0,0.0,0.0,0.0,0.0,0.0,0.0,0.0,80.64
2019-08-20,3609,0.0,0.0,1288.008,0.0,0.0,866.115,0.0,674.679,250.803,209.931,0.0,0.0,0.0,0.0,0.0,63.0,0.0,0.0,0.0,39.0,54.0,0.0,0.0,0.0,163.46399999999997
2019-08-21,2500,0.0,0.0,818.5,0.0,0.0,606.0,0.0,457.0,191.5,182.0,0.0,0.0,0.0,0.0,0.0,73.0,0.0,0.0,0.0,39.0,48.49999999999999,0.0,0.0,0.0,84.50000000000003
2019-08-23,3002,0.0,0.0,990.66,0.0,0.0,690.46,0.0,570.38,204.136,186.12400000000002,0.0,0.0,0.0,0.0,0.0,0.0,0.0,0.0,0.0,0.0,0.0,0.0,0.0,0.0,360.24
2019-08-24,1693,0.0,0.0,550.225,0.0,0.0,409.70599999999996,0.0,325.056,130.361,104.96600000000001,0.0,0.0,0.0,0.0,0.0,45.711000000000006,0.0,0.0,0.0,32.167,35.553000000000004,0.0,0.0,0.0,59.255
2019-08-27,505,0.0,0.0,161.6,0.0,0.0,118.675,0.0,83.325,30.3,37.875,0.0,0.0,0.0,0.0,0.0,17.675,0.0,0.0,0.0,0.0,0.0,0.0,0.0,0.0,55.55
2019-08-28,998,0.0,0.0,317.36400000000003,0.0,0.0,222.554,0.0,241.516,77.844,59.88,0.0,0.0,0.0,0.0,0.0,21.956000000000003,0.0,0.0,0.0,9.98,24.95,0.0,0.0,0.0,21.956000000000028
2019-08-29,2500,0.0,0.0,823.0,0.0,0.0,539.5,0.0,506.99999999999994,191.5,161.0,0.0,0.0,0.0,0.0,0.0,86.0,0.0,0.0,0.0,36.0,69.5,0.0,0.0,0.0,86.49999999999977
2019-08-31,1000,0.0,0.0,310.0,0.0,0.0,246.0,0.0,215.0,70.0,78.0,0.0,0.0,0.0,0.0,0.0,0.0,0.0,0.0,0.0,0.0,0.0,0.0,0.0,0.0,80.99999999999994
2019-09-02,1000,0.0,0.0,301.0,0.0,0.0,230.0,0.0,223.0,74.0,70.0,0.0,0.0,0.0,0.0,0.0,40.0,0.0,0.0,0.0,15.0,24.0,0.0,0.0,0.0,22.99999999999997
2019-09-04,4002,0.0,0.0,1284.606,0.0,0.0,915.978,0.0,888.486,276.132,239.622,0.0,0.0,0.0,0.0,0.0,67.056,0.0,0.0,0.0,33.00000000000001,92.526,0.0,0.0,0.0,204.59400000000002
2019-09-05,1000,0.0,0.0,307.0,0.0,0.0,244.0,0.0,217.0,70.0,79.0,0.0,0.0,0.0,0.0,0.0,27.0,0.0,0.0,0.0,16.0,17.0,0.0,0.0,0.0,23.000000000000114
2019-09-08,1000,0.0,0.0,305.0,0.0,0.0,242.0,0.0,222.0,71.0,78.0,0.0,0.0,0.0,0.0,0.0,26.0,0.0,0.0,0.0,15.0,17.0,0.0,0.0,0.0,24.000000000000053
2019-09-09,4800,0.0,0.0,1568.7,0.0,0.0,1088.3,0.0,937.1,368.7,326.3,0.0,0.0,0.0,0.0,0.0,99.6,0.0,0.0,0.0,51.2,139.7,0.0,0.0,0.0,220.4000000000001
2019-09-10,2871,0.0,0.0,947.9949999999999,0.0,0.0,653.288,0.0,576.653,204.99400000000003,210.86,0.0,0.0,0.0,0.0,0.0,73.64,0.0,0.0,0.0,22.38,64.756,0.0,0.0,0.0,116.43399999999994
2019-09-11,4500,0.0,0.0,1557.0,0.0,0.0,1012.5,0.0,901.5,342.0,241.49999999999997,0.0,0.0,0.0,0.0,0.0,72.0,0.0,0.0,0.0,85.5,84.0,0.0,0.0,0.0,203.99999999999991
2019-09-12,800,0.0,0.0,250.4,0.0,0.0,188.8,0.0,168.8,58.4,64.8,0.0,0.0,0.0,0.0,0.0,20.8,0.0,0.0,0.0,10.4,16.8,0.0,0.0,0.0,20.799999999999955
2019-09-14,1548,0.0,0.0,469.04400000000004,0.0,0.0,346.75199999999995,0.0,309.6,113.00399999999999,92.88,0.0,0.0,0.0,0.0,0.0,35.604,0.0,0.0,0.0,27.864,30.96,0.0,0.0,0.0,122.29199999999986
2019-09-15,1000,0.0,0.0,322.99999999999994,0.0,0.0,233.0,0.0,207.0,73.0,79.0,0.0,0.0,0.0,0.0,0.0,26.0,0.0,0.0,0.0,13.0,20.0,0.0,0.0,0.0,25.999999999999947
2019-09-16,1000,0.0,0.0,299.0,0.0,0.0,216.0,0.0,219.0,83.0,74.0,0.0,0.0,0.0,0.0,0.0,40.0,0.0,0.0,0.0,16.0,32.0,0.0,0.0,0.0,20.999999999999947
2019-09-17,3805,0.0,0.0,1319.455,0.0,0.0,754.61,0.0,703.925,299.765,230.35,0.0,0.0,0.0,0.0,0.0,72.735,0.0,0.0,0.0,47.075,68.1,133.37,0.0,0.0,175.61499999999978
2019-09-18,6500,0.0,0.0,2144.5,0.0,0.0,1298.5,0.0,1219.0,483.0,400.0,0.0,0.0,0.0,0.0,0.0,93.5,0.0,0.0,0.0,64.0,127.5,327.0,0.0,0.0,343.0000000000002
2019-09-19,1004,0.0,0.0,291.16,0.0,0.0,195.78,0.0,225.9,80.32,70.28,0.0,0.0,0.0,0.0,0.0,0.0,0.0,0.0,0.0,0.0,0.0,55.22,0.0,0.0,85.34
2019-09-20,1305,0.0,0.0,409.225,0.0,0.0,259.4,0.0,255.95,92.825,97.75,0.0,0.0,0.0,0.0,0.0,31.15,0.0,0.0,0.0,23.7,24.5,54.599999999999994,0.0,0.0,55.899999999999906
2019-09-22,1000,0.0,0.0,320.0,0.0,0.0,195.0,0.0,204.0,75.0,79.0,0.0,0.0,0.0,0.0,0.0,20.0,0.0,0.0,0.0,16.0,18.0,43.0,0.0,0.0,30.0
2019-09-23,1811,0.0,0.0,535.001,0.0,0.0,381.01099999999997,0.0,411.262,142.77,113.66,0.0,0.0,0.0,0.0,0.0,47.275,0.0,0.0,0.0,20.0,36.732,64.684,0.0,0.0,58.605000000000054
2019-09-25,6685,0.0,0.0,2221.9700000000003,0.0,0.0,1294.7549999999999,0.0,1253.3950000000002,525.605,395.98,0.0,0.0,0.0,0.0,0.0,117.61,0.0,0.0,0.0,106.56,157.885,330.255,0.0,0.0,280.9849999999998
2019-09-29,1000,0.0,0.0,314.0,0.0,0.0,197.0,0.0,202.0,77.0,79.0,0.0,0.0,0.0,0.0,0.0,18.0,0.0,0.0,0.0,19.0,17.0,46.0,0.0,0.0,30.999999999999947
2019-09-30,1000,0.0,0.0,297.0,0.0,0.0,216.0,0.0,210.0,86.0,69.0,0.0,0.0,0.0,0.0,0.0,23.0,0.0,0.0,0.0,15.0,23.0,39.0,0.0,0.0,21.999999999999886
2019-10-01,1265,0.0,0.0,382.03,0.0,0.0,241.615,0.0,260.59,108.79,77.165,0.0,0.0,0.0,0.0,0.0,26.565,0.0,0.0,0.0,27.83,30.36,49.335,0.0,0.0,60.72000000000015
2019-10-02,3254,0.0,0.0,1056.3039999999999,0.0,0.0,645.538,0.0,610.76,239.804,204.796,0.0,0.0,0.0,0.0,0.0,65.588,0.0,0.0,0.0,60.80999999999999,81.072,162.93,0.0,0.0,126.39799999999971
2019-10-03,1000,0.0,0.0,314.0,0.0,0.0,197.0,0.0,198.0,78.0,80.0,0.0,0.0,0.0,0.0,0.0,18.0,0.0,0.0,0.0,20.0,16.0,45.0,0.0,0.0,33.999999999999915
2019-10-06,1000,0.0,0.0,308.0,0.0,0.0,203.0,0.0,201.0,80.0,79.0,0.0,0.0,0.0,0.0,0.0,0.0,0.0,0.0,0.0,0.0,0.0,42.0,0.0,0.0,86.99999999999989
2019-10-07,3838,0.0,0.0,1183.228,0.0,0.0,762.4100000000001,0.0,750.096,313.64,249.29,0.0,0.0,0.0,0.0,0.0,70.57,0.0,0.0,0.0,55.96,77.884,176.10000000000002,0.0,0.0,198.822
2019-10-09,6524,0.0,0.0,2153.0480000000002,0.0,0.0,1266.008,0.0,1224.288,504.472,384.98,0.0,0.0,0.0,0.0,0.0,98.58,0.0,0.0,0.0,78.1,147.108,321.58000000000004,0.0,0.0,345.836
2019-10-10,1000,0.0,0.0,312.0,0.0,0.0,207.0,0.0,200.0,76.0,77.0,0.0,0.0,0.0,0.0,0.0,19.0,0.0,0.0,0.0,19.0,17.0,40.0,0.0,0.0,32.99999999999997
2019-10-13,1000,0.0,0.0,315.0,0.0,0.0,204.0,0.0,198.0,77.0,78.0,0.0,0.0,0.0,0.0,0.0,18.0,0.0,0.0,0.0,20.0,16.0,43.0,0.0,0.0,30.999999999999947
2019-10-14,1000,0.0,0.0,307.0,0.0,0.0,204.0,0.0,197.0,82.0,78.0,0.0,0.0,0.0,0.0,0.0,25.0,0.0,0.0,0.0,14.0,20.0,40.0,0.0,0.0,33.000000000000114
2019-10-16,6234,0.0,0.0,2087.4120000000003,0.0,0.0,1192.998,0.0,1132.728,496.852,379.414,0.0,0.0,0.0,0.0,0.0,111.016,0.0,0.0,0.0,106.108,131.344,315.694,0.0,0.0,280.4339999999999
2019-10-17,1000,0.0,0.0,316.0,0.0,0.0,202.0,0.0,198.0,78.0,78.0,0.0,0.0,0.0,0.0,0.0,20.0,0.0,0.0,0.0,17.0,18.0,41.0,0.0,0.0,31.999999999999886
2019-10-20,1000,0.0,0.0,330.0,0.0,0.0,194.0,0.0,185.0,82.0,80.0,0.0,0.0,0.0,0.0,0.0,18.0,0.0,0.0,0.0,16.0,17.0,48.0,0.0,0.0,30.0
2019-10-21,1000,0.0,0.0,305.0,0.0,0.0,198.0,0.0,208.0,87.0,81.0,0.0,0.0,0.0,0.0,0.0,21.0,0.0,0.0,0.0,19.0,18.0,35.0,0.0,0.0,28.000000000000114
2019-10-22,1500,0.0,0.0,510.0,0.0,0.0,309.00000000000006,0.0,220.5,115.5,93.0,0.0,0.0,0.0,0.0,0.0,19.5,0.0,0.0,0.0,24.0,30.0,99.0,0.0,0.0,79.49999999999996
2019-10-23,6178,0.0,0.0,2109.4080000000004,0.0,0.0,1166.8319999999999,0.0,1092.85,518.596,371.36,0.0,0.0,0.0,0.0,0.0,100.71600000000001,0.0,0.0,0.0,96.97999999999999,141.638,317.054,0.0,0.0,262.5659999999999
2019-10-24,1000,0.0,0.0,332.0,0.0,0.0,193.0,0.0,180.0,84.0,82.0,0.0,0.0,0.0,0.0,0.0,19.0,0.0,0.0,0.0,16.0,19.0,43.0,0.0,0.0,31.999999999999886
2019-10-27,1000,0.0,0.0,344.0,0.0,0.0,192.0,0.0,177.0,86.0,81.0,0.0,0.0,0.0,0.0,0.0,19.0,0.0,0.0,0.0,15.0,16.0,41.0,0.0,0.0,29.000000000000053
2019-10-28,1000,0.0,0.0,309.0,0.0,0.0,195.0,0.0,192.0,95.0,77.0,0.0,0.0,0.0,0.0,0.0,20.0,0.0,0.0,0.0,16.0,20.0,37.0,0.0,0.0,39.00000000000006
2019-10-29,1000,0.0,0.0,343.0,0.0,0.0,172.0,0.0,179.0,98.0,62.0,0.0,0.0,0.0,0.0,0.0,10.0,0.0,0.0,0.0,22.0,17.0,62.0,0.0,0.0,35.0
2019-10-30,6289,0.0,0.0,2109.87,0.0,0.0,1181.4769999999999,0.0,1089.5520000000001,562.2660000000001,425.586,0.0,0.0,0.0,0.0,0.0,92.158,0.0,0.0,0.0,85.846,148.40200000000002,329.783,0.0,0.0,264.05999999999983
2019-10-31,506,0.0,0.0,156.86,0.0,0.0,98.67,0.0,93.61,43.01,35.42,0.0,0.0,0.0,0.0,0.0,10.12,0.0,0.0,0.0,10.12,10.12,20.24,0.0,0.0,27.83
2019-11-04,2002,0.0,0.0,606.572,0.0,0.0,383.364,0.0,358.358,202.214,173.19,0.0,0.0,0.0,0.0,0.0,49.054,0.0,0.0,0.0,15.0,19.0,88.098,0.0,0.0,107.15000000000003
2019-11-06,6787,0.0,0.0,2350.3540000000003,0.0,0.0,1268.83,0.0,1176.0810000000001,592.7,426.56399999999996,0.0,0.0,0.0,0.0,23.2,110.166,0.0,0.0,0.0,95.644,130.792,327.663,0.0,0.0,285.00599999999974
2019-11-07,1000,0.0,0.0,345.0,0.0,0.0,188.0,0.0,168.0,91.0,81.0,0.0,0.0,0.0,0.0,0.0,18.0,0.0,0.0,0.0,14.0,17.0,45.0,0.0,0.0,33.000000000000114
2019-11-08,1930,0.0,0.0,629.325,0.0,0.0,373.825,0.0,317.80000000000007,185.10000000000002,140.8,0.0,0.0,0.0,0.0,0.0,38.275,0.0,0.0,0.0,24.35,34.325,103.94999999999999,0.0,0.0,82.25
2019-11-10,2500,0.0,0.0,855.0,0.0,0.0,464.5,0.0,427.0,233.0,165.0,0.0,0.0,0.0,0.0,0.0,18.0,0.0,0.0,0.0,13.0,55.5,132.0,0.0,0.0,137.00000000000003
2019-11-11,1800,0.0,0.0,590.0,0.0,0.0,354.8,0.0,289.4,170.4,127.4,0.0,0.0,0.0,0.0,0.0,35.8,0.0,0.0,0.0,25.0,33.2,89.4,0.0,0.0,84.59999999999985
2019-11-12,2200,0.0,0.0,774.4,0.0,0.0,402.6,0.0,354.2,217.8,123.2,0.0,0.0,0.0,0.0,0.0,26.4,0.0,0.0,0.0,30.8,44.0,129.8,0.0,0.0,96.80000000000013
2019-11-13,2300,0.0,0.0,782.0,0.0,0.0,430.5,0.0,377.4,214.5,147.2,0.0,0.0,0.0,0.0,0.0,39.9,0.0,0.0,0.0,49.69999999999999,67.9,113.4,0.0,0.0,77.50000000000017
2019-11-14,1000,0.0,0.0,342.0,0.0,0.0,193.0,0.0,163.0,93.0,80.0,0.0,0.0,0.0,0.0,0.0,17.0,0.0,0.0,0.0,13.0,19.0,46.0,0.0,0.0,34.00000000000006
2019-11-18,2598,0.0,0.0,835.154,0.0,0.0,509.228,0.0,441.05199999999996,241.222,164.488,0.0,0.0,0.0,0.0,0.0,56.568,0.0,0.0,0.0,39.166,50.558,130.69400000000002,0.0,0.0,129.86999999999995
2019-11-20,5424,0.0,0.0,1847.724,0.0,0.0,1010.7,0.0,869.664,526.6800000000001,348.948,0.0,0.0,0.0,0.0,0.0,89.604,0.0,0.0,0.0,85.812,127.38,293.748,0.0,0.0,223.73999999999984
2019-11-21,1505,0.0,0.0,504.075,0.0,0.0,292.475,0.0,249.37500000000003,137.45,117.875,0.0,0.0,0.0,0.0,0.0,26.1,0.0,0.0,0.0,22.575,31.1,68.25,0.0,0.0,55.72499999999997
2019-11-24,1000,0.0,0.0,347.0,0.0,0.0,196.0,0.0,159.0,90.0,81.0,0.0,0.0,0.0,0.0,0.0,16.0,0.0,0.0,0.0,15.0,21.0,44.0,11.0,0.0,20.0
2019-11-25,1000,0.0,0.0,315.0,0.0,0.0,204.0,0.0,164.0,106.0,74.0,0.0,0.0,0.0,0.0,0.0,30.0,0.0,0.0,0.0,10.0,22.0,45.0,0.0,0.0,30.0
2019-11-26,1000,0.0,0.0,319.0,0.0,0.0,181.0,0.0,166.0,106.0,62.0,0.0,0.0,0.0,0.0,0.0,12.0,0.0,0.0,0.0,23.0,20.0,53.0,23.0,0.0,35.0
2019-11-27,5912,0.0,0.0,1983.688,0.0,0.0,1109.464,0.0,939.6800000000001,585.988,366.976,0.0,0.0,0.0,0.0,0.0,98.228,0.0,0.0,0.0,96.956,123.74000000000001,304.93600000000004,101.62,0.0,200.72400000000005
2019-11-28,1000,0.0,0.0,353.0,0.0,0.0,191.0,0.0,158.0,94.0,81.0,0.0,0.0,0.0,0.0,0.0,17.0,0.0,0.0,0.0,14.0,21.0,41.0,0.0,0.0,30.0
2019-12-01,1000,0.0,0.0,347.0,0.0,0.0,190.0,0.0,158.0,95.0,82.0,0.0,0.0,0.0,0.0,0.0,15.0,0.0,0.0,0.0,16.0,22.0,12.0,41.0,0.0,22.00000000000003
2019-12-02,2276,0.0,0.0,688.4200000000001,0.0,0.0,445.61199999999997,0.0,389.956,254.18800000000002,156.94,0.0,0.0,0.0,0.0,0.0,60.624,0.0,0.0,0.0,11.0,67.832,80.66,7.0,0.0,113.76800000000031
2019-12-03,1623,0.0,0.0,527.475,0.0,0.0,316.485,0.0,264.54900000000004,163.923,111.98700000000001,0.0,0.0,0.0,0.0,0.0,25.968000000000004,0.0,0.0,0.0,19.476,29.214000000000002,86.01899999999999,29.214000000000002,0.0,48.69
2019-12-04,5600,0.0,0.0,1881.1,0.0,0.0,1027.8,0.0,873.6,562.8000000000001,327.4,0.0,0.0,0.0,0.0,0.0,86.5,0.0,0.0,0.0,90.30000000000001,140.6,284.7,130.2,0.0,195.00000000000014
2019-12-05,1000,0.0,0.0,347.0,0.0,0.0,189.0,0.0,156.0,100.0,79.0,0.0,0.0,0.0,0.0,0.0,18.0,0.0,0.0,0.0,13.0,24.0,39.0,15.0,0.0,20.0
2019-12-06,1000,0.0,0.0,330.0,0.0,0.0,180.0,0.0,170.0,95.0,60.0,0.0,0.0,0.0,0.0,0.0,10.0,0.0,0.0,0.0,10.0,10.0,15.0,25.0,0.0,95.0
2019-12-08,1000,0.0,0.0,341.0,0.0,0.0,186.0,0.0,156.0,103.0,80.0,0.0,0.0,0.0,0.0,0.0,17.0,0.0,0.0,0.0,14.0,23.0,40.0,18.0,0.0,22.00000000000003
2019-12-09,1000,0.0,0.0,306.0,0.0,0.0,208.0,0.0,163.0,106.0,76.0,0.0,0.0,0.0,0.0,0.0,25.0,0.0,0.0,0.0,12.0,29.0,33.0,9.0,0.0,32.99999999999997
2019-12-10,1578,0.0,0.0,504.96,0.0,0.0,304.55400000000003,0.0,247.74599999999998,164.112,105.726,0.0,0.0,0.0,0.0,0.0,31.56,0.0,0.0,0.0,23.67,29.982,82.056,31.56,0.0,52.074000000000176
2019-12-11,4706,0.0,0.0,1521.708,0.0,0.0,869.428,0.0,761.12,474.47,299.648,0.0,0.0,0.0,0.0,0.0,72.496,0.0,0.0,0.0,85.78999999999999,125.208,219.788,108.926,0.0,167.41800000000023
2019-12-12,1000,0.0,0.0,335.0,0.0,0.0,188.0,0.0,158.0,103.0,79.0,0.0,0.0,0.0,0.0,0.0,17.0,0.0,0.0,0.0,14.0,25.0,38.0,21.0,0.0,21.999999999999886
2019-12-16,1800,0.0,0.0,547.0,0.0,0.0,340.4,0.0,286.4,190.6,125.2,0.0,0.0,0.0,0.0,0.0,37.0,0.0,0.0,0.0,29.4,50.6,76.0,34.6,0.0,82.79999999999984
2019-12-17,3123,0.0,0.0,971.376,0.0,0.0,603.108,0.0,507.303,331.038,195.74099999999999,0.0,0.0,0.0,0.0,0.0,30.837,0.0,0.0,0.0,25.968000000000004,77.46000000000001,148.65,37.32899999999999,0.0,194.19000000000003
2019-12-18,6300,0.0,0.0,2118.9000000000005,0.0,0.0,1143.2,0.0,1002.5,651.9000000000001,369.9,0.0,0.0,0.0,0.0,0.0,81.0,0.0,0.0,0.0,106.0,161.70000000000002,305.70000000000005,153.3,15.0,190.89999999999998
2019-12-19,1000,0.0,0.0,324.0,0.0,0.0,191.0,0.0,160.0,104.0,77.0,0.0,0.0,0.0,0.0,0.0,18.0,0.0,0.0,0.0,15.0,24.0,40.0,22.0,0.0,25.0
2019-12-20,807,0.0,0.0,267.117,0.0,0.0,154.944,0.0,129.92700000000002,83.92800000000001,46.806,0.0,0.0,0.0,0.0,0.0,16.947,0.0,0.0,0.0,0.0,0.0,36.315,25.017000000000003,0.0,45.999000000000024
2019-12-22,1000,0.0,0.0,318.0,0.0,0.0,191.0,0.0,159.0,103.0,78.0,0.0,0.0,0.0,0.0,0.0,16.0,0.0,0.0,0.0,17.0,27.0,40.0,24.0,0.0,26.999999999999886
2020-01-03,1000,0.0,0.0,295.0,0.0,0.0,200.0,0.0,162.0,107.0,73.0,0.0,0.0,0.0,0.0,0.0,23.0,0.0,0.0,0.0,13.0,30.0,36.0,13.0,0.0,47.99999999999997
2020-01-07,1700,0.0,0.0,516.8,0.0,0.0,338.3,0.0,270.3,180.2,119.0,0.0,0.0,0.0,0.0,0.0,32.3,0.0,0.0,0.0,27.2,34.0,76.5,47.6,0.0,57.8000000000001
2020-01-08,5505,0.0,0.0,1808.55,0.0,0.0,1042.975,0.0,874.8250000000002,581.0,333.325,0.0,0.0,0.0,0.0,0.0,89.125,0.0,0.0,0.0,82.57500000000002,168.6,266.225,114.075,0.0,143.72499999999997
2020-01-09,1800,0.0,0.0,569.4,0.0,0.0,343.4,0.0,282.0,190.0,134.6,0.0,0.0,0.0,0.0,0.0,28.8,0.0,0.0,0.0,33.8,50.2,73.4,37.0,0.0,57.40000000000012
2020-01-10,1000,0.0,0.0,322.00000000000006,0.0,0.0,191.0,0.0,153.0,107.0,80.0,0.0,0.0,0.0,0.0,0.0,17.0,0.0,0.0,0.0,18.0,26.0,37.0,23.0,0.0,25.999999999999947
2020-01-12,1000,0.0,0.0,317.0,0.0,0.0,193.0,0.0,155.0,108.0,80.0,0.0,0.0,0.0,0.0,0.0,16.0,0.0,0.0,0.0,17.0,27.0,37.0,23.0,0.0,26.999999999999886
2020-01-13,1800,0.0,0.0,531.6,0.0,0.0,351.2,0.0,282.2,195.4,120.4,0.0,0.0,0.0,0.0,0.0,35.4,0.0,0.0,0.0,35.2,50.4,82.0,34.0,3.2,78.99999999999997
2020-01-14,3143,0.0,0.0,948.72,0.0,0.0,614.05,0.0,501.948,332.635,203.30599999999998,0.0,0.0,0.0,0.0,0.0,57.272999999999996,0.0,0.0,0.0,53.664,62.86,148.943,77.81899999999999,28.753,113.02900000000008
2020-01-15,4600,0.0,0.0,1506.7,0.0,0.0,870.4,0.0,723.8,491.3,264.2,0.0,0.0,0.0,0.0,0.0,75.0,0.0,0.0,0.0,76.7,136.4,208.5,104.33,25.2,117.47000000000008
2020-01-19,1000,0.0,0.0,318.0,0.0,0.0,195.0,0.0,153.0,108.0,79.0,0.0,0.0,0.0,0.0,0.0,0.0,0.0,0.0,0.0,0.0,0.0,0.0,0.0,0.0,147.00000000000003
2020-01-20,1000,0.0,0.0,287.0,0.0,0.0,199.0,0.0,161.00000000000003,113.0,73.0,0.0,0.0,0.0,0.0,0.0,0.0,0.0,0.0,0.0,19.0,31.0,39.0,14.0,6.0,57.99999999999997
2020-01-21,2400,0.0,0.0,780.0,0.0,0.0,458.4,0.0,379.2,266.4,148.8,0.0,0.0,0.0,0.0,0.0,38.4,0.0,0.0,0.0,31.2,79.2,93.6,60.0,14.4,50.399999999999864
2020-01-22,1500,0.0,0.0,495.0,0.0,0.0,262.5,0.0,223.5,159.0,90.0,0.0,0.0,0.0,0.0,0.0,33.00000000000001,0.0,0.0,0.0,31.5,52.5,68.99999999999999,37.5,21.0,25.499999999999826
2020-01-23,1800,0.0,0.0,571.4,0.0,0.0,343.6,0.0,279.0,197.2,130.0,0.0,0.0,0.0,0.0,0.0,31.6,0.0,0.0,0.0,35.2,48.2,69.6,41.6,7.2,45.40000000000012
2020-01-27,1000,0.0,0.0,282.0,0.0,0.0,200.0,0.0,159.0,120.0,69.0,0.0,0.0,0.0,0.0,0.0,32.0,0.0,0.0,0.0,24.0,29.0,36.0,13.0,6.0,30.0
2020-01-28,2589,0.0,0.0,798.289,0.0,0.0,539.8679999999999,0.0,367.227,302.735,161.929,0.0,0.0,0.0,0.0,0.0,39.602000000000004,0.0,0.0,0.0,43.602000000000004,65.725,124.039,65.90299999999999,14.301000000000002,65.78000000000006
2020-01-29,4305,0.0,0.0,1421.725,0.0,0.0,865.7,0.0,654.775,447.29999999999995,251.525,0.0,0.0,0.0,0.0,0.0,82.525,0.0,0.0,0.0,62.875,132.5,169.325,87.75,16.500000000000004,112.50000000000009
2020-01-30,2000,0.0,0.0,629.0,0.0,0.0,428.0,0.0,270.0,233.0,123.0,0.0,0.0,0.0,0.0,0.0,28.0,0.0,0.0,0.0,36.0,49.0,75.0,51.0,0.0,78.00000000000011
2020-02-02,1000,0.0,0.0,272.0,0.0,0.0,220.0,0.0,157.0,134.0,62.0,0.0,0.0,0.0,0.0,0.0,23.0,0.0,0.0,0.0,22.0,28.0,28.0,15.0,9.0,30.0
2020-02-03,1000,0.0,0.0,280.0,0.0,0.0,198.0,0.0,152.0,124.0,70.0,0.0,0.0,0.0,0.0,0.0,30.0,0.0,0.0,0.0,24.0,28.0,32.0,16.0,8.0,37.99999999999997
2020-02-04,4660,0.0,0.0,1478.0,0.0,0.0,957.38,0.0,705.06,508.56,274.65999999999997,0.0,0.0,0.0,0.0,0.0,71.08,0.0,0.0,0.0,71.08,142.1,213.51999999999998,108.36000000000001,14.6,115.6000000000001
2020-02-05,1500,0.0,0.0,483.00000000000006,0.0,0.0,310.5,0.0,210.0,162.00000000000003,81.00000000000001,0.0,0.0,0.0,0.0,0.0,30.0,0.0,0.0,0.0,31.5,42.0,63.0,42.0,18.0,26.999999999999744
2020-02-06,1800,0.0,0.0,562.0,0.0,0.0,357.6,0.0,259.6,207.8,122.2,0.0,0.0,0.0,0.0,0.0,34.0,0.0,0.0,0.0,34.0,51.4,72.6,41.6,0.0,57.200000000000045
2020-02-10,1000,0.0,0.0,280.0,0.0,0.0,201.0,0.0,149.0,127.0,67.0,0.0,0.0,0.0,0.0,0.0,28.0,0.0,0.0,0.0,20.0,30.0,32.0,12.0,9.0,45.0
2020-02-11,3107,0.0,0.0,927.404,0.0,0.0,656.8820000000001,0.0,441.19399999999996,350.878,183.1,0.0,0.0,0.0,0.0,0.0,49.57,0.0,0.0,0.0,60.622,76.015,144.156,74.497,27.820999999999998,114.86099999999972
2020-02-12,7019,0.0,0.0,2257.5480000000002,0.0,0.0,1417.114,0.0,1026.7359999999999,811.489,379.57800000000003,0.0,0.0,0.0,0.0,0.0,121.294,0.0,0.0,0.0,91.6,220.284,286.941,132.8,22.4,251.21600000000012
2020-02-13,1000,0.0,0.0,306.0,0.0,0.0,208.0,0.0,135.0,122.0,73.0,0.0,0.0,0.0,0.0,0.0,19.0,0.0,0.0,0.0,0.0,26.0,40.0,0.0,0.0,70.99999999999994
2020-02-16,3000,0.0,0.0,924.0,0.0,0.0,624.0,0.0,424.0,373.0,174.0,0.0,0.0,0.0,0.0,0.0,19.0,0.0,0.0,0.0,18.0,90.0,119.0,24.0,0.0,211.00000000000009
2020-02-17,1000,0.0,0.0,275.0,0.0,0.0,205.0,0.0,149.0,129.0,69.0,0.0,0.0,0.0,0.0,0.0,28.0,0.0,0.0,0.0,18.0,32.0,30.0,14.0,7.0,44.00000000000006
2020-02-18,2000,0.0,0.0,602.0,0.0,0.0,430.0,0.0,288.0,238.0,126.0,0.0,0.0,0.0,0.0,0.0,38.0,0.0,0.0,0.0,34.0,52.0,100.0,44.0,16.0,31.999999999999886
2020-02-19,5100,0.0,0.0,1622.6000000000004,0.0,0.0,1035.2,0.0,745.5999999999999,575.6,285.6,0.0,0.0,0.0,0.0,0.0,88.1,0.0,0.0,0.0,90.1,166.7,217.9,126.89999999999999,23.6,122.09999999999987
2020-02-20,1503,0.0,0.0,459.41499999999996,0.0,0.0,313.115,0.0,208.45,178.815,103.695,0.0,0.0,0.0,0.0,0.0,29.575,0.0,0.0,0.0,23.545,35.06,64.15,29.03,0.0,58.14999999999997
2020-02-24,1000,0.0,0.0,277.0,0.0,0.0,216.0,0.0,154.0,137.0,59.0,0.0,0.0,0.0,0.0,0.0,26.0,0.0,0.0,0.0,20.0,25.0,30.0,17.0,6.0,32.99999999999997
2020-02-25,2226,0.0,0.0,672.042,0.0,0.0,470.904,0.0,324.492,262.08,142.96800000000002,0.0,0.0,0.0,0.0,0.0,42.797999999999995,0.0,0.0,0.0,38.556,58.29599999999999,111.3,43.72200000000001,13.776000000000002,45.065999999999946
2020-02-26,3400,0.0,0.0,1088.0,0.0,0.0,698.6,0.0,501.0,398.2,180.60000000000002,0.0,0.0,0.0,0.0,0.0,56.0,0.0,0.0,0.0,59.4,87.2,126.4,79.80000000000001,14.4,110.3999999999998
2020-02-27,2000,0.0,0.0,618.0,0.0,0.0,408.0,0.0,274.0,264.0,134.0,0.0,0.0,0.0,0.0,0.0,34.0,0.0,0.0,0.0,40.0,44.0,71.0,37.0,0.0,75.99999999999994
2020-03-02,1000,0.0,0.0,272.0,0.0,0.0,220.0,0.0,157.0,134.0,62.0,0.0,0.0,0.0,0.0,0.0,23.0,0.0,0.0,0.0,22.0,28.0,28.0,15.0,9.0,30.0
2020-03-03,1754,0.0,0.0,519.184,0.0,0.0,373.60200000000003,0.0,257.83799999999997,217.496,106.994,0.0,0.0,0.0,0.0,0.0,31.572000000000003,0.0,0.0,0.0,33.326,50.86599999999999,89.454,38.588,12.277999999999999,22.8020000000002
2020-03-04,4200,0.0,0.0,1310.2,0.0,0.0,858.5999999999999,0.0,614.2,499.2,230.4,0.0,0.0,0.0,0.0,0.0,76.6,0.0,0.0,0.0,74.4,108.0,158.2,99.6,15.6,154.99999999999994
2020-03-05,1000,0.0,0.0,296.0,0.0,0.0,215.0,0.0,136.0,134.0,68.0,0.0,0.0,0.0,0.0,0.0,20.0,0.0,0.0,0.0,17.0,25.0,32.0,20.0,0.0,37.00000000000003
2020-03-06,1000,0.0,0.0,311.0,0.0,0.0,229.0,0.0,125.0,133.0,46.0,0.0,0.0,0.0,0.0,0.0,14.0,0.0,0.0,0.0,23.0,29.0,30.0,21.0,0.0,39.00000000000006
2020-03-09,4018,0.0,0.0,1148.22,0.0,0.0,863.094,0.0,583.6859999999999,506.91799999999995,243.80199999999996,0.0,0.0,0.0,0.0,0.0,76.454,0.0,0.0,0.0,78.064,120.096,169.106,79.988,28.534,120.03799999999984
2020-03-11,3400,0.0,0.0,1067.2,0.0,0.0,708.0,0.0,497.20000000000005,416.8,160.4,0.0,0.0,0.0,0.0,0.0,59.6,0.0,0.0,0.0,61.6,94.8,124.19999999999999,74.4,14.4,121.3999999999998
2020-03-12,1000,0.0,0.0,287.0,0.0,0.0,220.0,0.0,137.0,137.0,66.0,0.0,0.0,0.0,0.0,0.0,19.0,0.0,0.0,0.0,18.0,24.0,33.0,20.0,0.0,39.00000000000006
2020-03-16,2028,0.0,0.0,566.0640000000001,0.0,0.0,440.88,0.0,299.08799999999997,268.78,126.65200000000002,0.0,0.0,0.0,0.0,0.0,47.64399999999999,0.0,0.0,0.0,16.0,73.97999999999999,57.924,30.56,7.0,93.42799999999988
2020-03-17,1812,0.0,0.0,538.164,0.0,0.0,385.95599999999996,0.0,266.364,226.5,114.156,0.0,0.0,0.0,0.0,0.0,32.616,0.0,0.0,0.0,32.616,45.3,97.84800000000001,34.428,0.0,38.0519999999999
2020-03-18,1200,0.0,0.0,362.4,0.0,0.0,243.6,0.0,165.6,141.6,68.4,0.0,0.0,0.0,0.0,0.0,26.4,0.0,0.0,0.0,27.6,44.4,38.4,31.2,15.6,34.80000000000007
2020-03-19,3000,0.0,0.0,898.0,0.0,0.0,685.0,0.0,393.0,415.0,168.0,0.0,0.0,0.0,0.0,0.0,48.0,0.0,0.0,0.0,61.0,88.0,86.0,58.0,0.0,99.99999999999972
2020-03-23,1000,0.0,0.0,265.0,0.0,0.0,229.0,0.0,151.0,127.0,70.0,0.0,0.0,0.0,0.0,0.0,26.0,0.0,0.0,0.0,16.0,35.0,22.0,13.0,7.0,39.00000000000006
2020-03-24,2756,0.0,0.0,839.556,0.0,0.0,574.76,0.0,414.644,356.01199999999994,173.36,0.0,0.0,0.0,0.0,0.0,54.364,0.0,0.0,0.0,49.852,61.388,128.06799999999998,43.364,0.0,60.631999999999934
2020-03-25,3400,0.0,0.0,1078.2,0.0,0.0,707.8,0.0,478.0,407.20000000000005,173.6,0.0,0.0,0.0,0.0,0.0,59.4,0.0,0.0,0.0,59.4,85.80000000000001,114.4,94.0,12.0,130.19999999999993
2020-03-26,1800,0.0,0.0,510.6,0.0,0.0,392.0,0.0,252.0,250.0,122.6,0.0,0.0,0.0,0.0,0.0,31.4,0.0,0.0,0.0,26.4,42.8,59.0,35.4,3.2,74.5999999999998
2020-03-30,1000,0.0,0.0,262.0,0.0,0.0,226.0,0.0,156.0,128.0,74.0,0.0,0.0,0.0,0.0,0.0,20.0,0.0,0.0,0.0,18.0,39.0,19.0,16.0,0.0,41.99999999999989
2020-03-31,1802,0.0,0.0,546.006,0.0,0.0,383.82599999999996,0.0,264.894,236.062,104.516,0.0,0.0,0.0,0.0,0.0,32.436,0.0,0.0,0.0,32.436,37.842000000000006,90.1,34.238,0.0,39.64400000000005
2020-04-01,3400,0.0,0.0,1046.0,0.0,0.0,720.8,0.0,477.6,423.4,185.6,0.0,0.0,0.0,0.0,0.0,60.6,0.0,0.0,0.0,60.6,94.8,111.2,91.6,13.2,114.60000000000002
2020-04-02,1000,0.0,0.0,290.0,0.0,0.0,218.0,0.0,137.0,144.0,69.0,0.0,0.0,0.0,0.0,0.0,16.0,0.0,0.0,0.0,18.0,27.0,29.0,16.0,0.0,35.99999999999994
2020-04-06,1000,0.0,0.0,260.0,0.0,0.0,226.0,0.0,160.0,125.0,75.0,0.0,0.0,0.0,0.0,0.0,18.0,0.0,0.0,0.0,22.0,35.0,20.0,10.0,0.0,48.999999999999915
2020-04-07,1756,0.0,0.0,510.99600000000004,0.0,0.0,375.78399999999993,0.0,263.4,242.32800000000003,100.09200000000001,0.0,0.0,0.0,0.0,0.0,31.608,0.0,0.0,0.0,31.608,38.632000000000005,87.8,38.632000000000005,0.0,35.12
2020-04-08,3400,0.0,0.0,1034.0,0.0,0.0,720.6,0.0,482.79999999999995,435.20000000000005,189.0,0.0,0.0,0.0,0.0,0.0,57.400000000000006,0.0,0.0,0.0,62.599999999999994,96.2,120.2,83.8,15.6,102.59999999999994
2020-04-09,1000,0.0,0.0,285.0,0.0,0.0,218.0,0.0,141.0,145.0,70.0,0.0,0.0,0.0,0.0,0.0,15.0,0.0,0.0,0.0,18.0,28.0,28.0,17.0,0.0,35.0
2020-04-14,3243,0.0,0.0,923.9,0.0,0.0,688.596,0.0,485.37,432.763,189.89600000000002,0.0,0.0,0.0,0.0,0.0,56.572,0.0,0.0,0.0,58.374,81.794,143.417,73.148,7.205,101.96499999999993
2020-04-15,6200,0.0,0.0,1831.0,0.0,0.0,1330.8,0.0,914.5999999999999,829.2,352.20000000000005,0.0,0.0,0.0,0.0,0.0,85.4,0.0,0.0,0.0,92.60000000000001,167.2,197.2,137.8,31.6,230.3999999999997
2020-04-16,1000,0.0,0.0,283.0,0.0,0.0,214.0,0.0,140.0,145.0,73.0,0.0,0.0,0.0,0.0,0.0,14.0,0.0,0.0,0.0,19.0,30.0,30.0,16.0,0.0,35.99999999999994
2020-04-20,1000,0.0,0.0,259.0,0.0,0.0,229.0,0.0,164.0,125.0,77.0,0.0,0.0,0.0,0.0,0.0,15.0,0.0,0.0,0.0,21.0,36.0,19.0,10.0,0.0,45.0
2020-04-21,1789,0.0,0.0,515.2320000000001,0.0,0.0,373.901,0.0,262.983,246.882,109.12899999999999,0.0,0.0,0.0,0.0,0.0,30.412999999999997,0.0,0.0,0.0,33.991,42.93599999999999,91.23899999999999,41.147,0.0,41.147000000000205
2020-04-22,4400,0.0,0.0,1254.6,0.0,0.0,936.2,0.0,683.2,612.4,276.0,0.0,0.0,0.0,0.0,0.0,75.2,0.0,0.0,0.0,74.8,111.39999999999999,144.39999999999998,94.4,12.0,125.4
2020-04-23,2000,0.0,0.0,522.0,0.0,0.0,423.0,0.0,307.0,305.0,151.0,0.0,0.0,0.0,0.0,0.0,29.0,0.0,0.0,0.0,36.0,46.0,64.0,42.0,0.0,74.99999999999986
2020-04-27,1000,0.0,0.0,256.0,0.0,0.0,229.0,0.0,164.0,120.0,79.0,0.0,0.0,0.0,0.0,0.0,20.0,0.0,0.0,0.0,23.0,32.0,29.0,12.0,0.0,36.000000000000085
2020-04-28,2641,0.0,0.0,731.9359999999999,0.0,0.0,557.7529999999999,0.0,404.323,360.81100000000004,170.28199999999998,0.0,0.0,0.0,0.0,0.0,44.644999999999996,0.0,0.0,0.0,32.7,77.09100000000001,105.51700000000001,62.754999999999995,0.0,93.1869999999999
2020-04-29,7100,0.0,0.0,2043.8000000000002,0.0,0.0,1507.8000000000002,0.0,1088.7,1000.4000000000001,407.20000000000005,0.0,0.0,0.0,0.0,0.0,80.0,0.0,0.0,0.0,87.6,196.2,221.8,122.4,12.0,332.09999999999985
2020-04-30,1000,0.0,0.0,272.0,0.0,0.0,210.0,0.0,143.0,144.0,80.0,0.0,0.0,0.0,0.0,0.0,17.0,0.0,0.0,0.0,19.0,27.0,36.0,19.0,0.0,32.99999999999997
2020-05-04,2000,0.0,0.0,499.0,0.0,0.0,449.0,0.0,358.0,268.0,132.0,0.0,0.0,0.0,0.0,0.0,21.0,0.0,0.0,0.0,20.0,48.0,56.0,31.0,0.0,117.99999999999997
2020-05-05,1589,0.0,0.0,443.33099999999996,0.0,0.0,328.92299999999994,0.0,239.93899999999996,220.871,101.696,0.0,0.0,0.0,0.0,0.0,23.835,0.0,0.0,0.0,33.369,34.958,79.45,0.0,0.0,82.62800000000004
2020-05-06,5600,0.0,0.0,1603.6,0.0,0.0,1174.8,0.0,862.0,791.2,346.4,0.0,0.0,0.0,0.0,0.0,91.6,0.0,0.0,0.0,79.6,150.0,159.20000000000002,122.0,18.799999999999997,200.8000000000003
2020-05-07,1800,0.0,0.0,474.8,0.0,0.0,381.8,0.0,268.2,255.6,132.8,0.0,0.0,0.0,0.0,0.0,33.0,0.0,0.0,0.0,34.0,56.0,63.0,38.0,8.0,54.80000000000001
2020-05-11,1000,0.0,0.0,246.0,0.0,0.0,220.0,0.0,169.0,142.0,75.0,0.0,0.0,0.0,0.0,0.0,21.0,0.0,0.0,0.0,18.0,30.0,26.0,20.0,0.0,32.99999999999997
2020-05-12,4904,0.0,0.0,1310.387,0.0,0.0,1042.623,0.0,757.092,676.777,309.32099999999997,0.0,0.0,0.0,0.0,0.0,54.464000000000006,0.0,0.0,0.0,60.956,138.074,190.26600000000002,76.35300000000001,10.686,277.00099999999986
2020-05-13,4500,0.0,0.0,1294.2,0.0,0.0,960.0,0.0,680.4,639.9,273.0,0.0,0.0,0.0,0.0,0.0,75.9,0.0,0.0,0.0,54.300000000000004,133.5,135.0,103.80000000000001,13.2,136.8
2020-05-14,1000,0.0,0.0,262.0,0.0,0.0,208.0,0.0,152.0,147.0,81.0,0.0,0.0,0.0,0.0,0.0,16.0,0.0,0.0,0.0,17.0,27.0,34.0,20.0,0.0,35.99999999999994
2020-05-18,1000,0.0,0.0,246.0,0.0,0.0,216.0,0.0,172.0,147.0,72.0,0.0,0.0,0.0,0.0,0.0,16.0,0.0,0.0,0.0,22.0,25.0,22.0,18.0,0.0,43.999999999999915
2020-05-19,1725,0.0,0.0,464.025,0.0,0.0,360.525,0.0,265.65,246.675,117.3,0.0,0.0,0.0,0.0,0.0,27.6,0.0,0.0,0.0,31.05,39.675,86.25,44.85,0.0,41.4000000000001
2020-05-20,3900,0.0,0.0,1111.2,0.0,0.0,822.9,0.0,593.4,554.7,234.9,0.0,0.0,0.0,0.0,0.0,60.3,0.0,0.0,0.0,60.9,108.3,121.5,96.89999999999999,15.6,119.3999999999999
2020-05-21,1800,0.0,0.0,458.2,0.0,0.0,371.0,0.0,275.0,265.0,142.6,0.0,0.0,0.0,0.0,0.0,30.4,0.0,0.0,0.0,25.6,50.4,54.6,51.2,4.0,71.99999999999994
2020-05-24,1000,0.0,0.0,258.0,0.0,0.0,208.0,0.0,152.0,149.0,81.0,0.0,0.0,0.0,0.0,0.0,17.0,0.0,0.0,0.0,17.0,27.0,32.0,24.0,0.0,35.0
2020-05-25,1000,0.0,0.0,253.0,0.0,0.0,209.0,0.0,175.0,143.0,74.0,0.0,0.0,0.0,0.0,0.0,16.0,0.0,0.0,0.0,24.0,24.0,15.0,15.0,0.0,51.99999999999989
2020-05-26,4848,0.0,0.0,1366.6680000000001,0.0,0.0,996.9480000000001,0.0,711.966,740.4780000000001,339.354,0.0,0.0,0.0,0.0,0.0,63.18000000000001,0.0,0.0,0.0,76.416,117.246,167.376,121.368,0.0,146.99999999999991
2020-05-27,5509,0.0,0.0,1561.858,0.0,0.0,1148.244,0.0,853.295,780.1500000000001,325.685,0.0,0.0,0.0,0.0,0.0,98.207,0.0,0.0,0.0,65.7,150.84300000000002,182.779,133.71599999999998,14.209,194.31399999999996
2020-05-28,1800,0.0,0.0,463.2,0.0,0.0,372.6,0.0,274.0,266.0,137.2,0.0,0.0,0.0,0.0,0.0,34.8,0.0,0.0,0.0,33.0,55.0,51.0,48.2,8.8,56.19999999999993
2020-06-01,1762,0.0,0.0,479.264,0.0,0.0,357.686,0.0,278.396,255.49,121.57800000000002,0.0,0.0,0.0,0.0,0.0,26.43,0.0,0.0,0.0,28.192000000000004,38.764,81.05199999999999,45.812,0.0,49.33599999999995
2020-06-03,4500,0.0,0.0,1278.0,0.0,0.0,915.5999999999999,0.0,691.2,651.3,252.0,0.0,0.0,0.0,0.0,0.0,79.19999999999999,0.0,0.0,0.0,74.7,120.60000000000001,141.6,121.5,13.2,161.0999999999996
2020-06-04,1800,0.0,0.0,464.4,0.0,0.0,357.6,0.0,275.4,263.6,144.4,0.0,0.0,0.0,0.0,0.0,33.4,0.0,0.0,0.0,28.8,47.4,53.6,54.2,5.6,71.59999999999988
2020-06-08,1000,0.0,0.0,250.0,0.0,0.0,214.0,0.0,172.0,144.0,76.0,0.0,0.0,0.0,0.0,0.0,17.0,0.0,0.0,0.0,23.0,20.0,19.0,15.0,0.0,50.0
2020-06-09,3241,0.0,0.0,875.056,0.0,0.0,661.136,0.0,507.241,447.286,212.317,0.0,0.0,0.0,0.0,0.0,50.225,0.0,0.0,0.0,53.473,79.38,137.79500000000002,89.145,8.085,119.8610000000001
2020-06-10,2400,0.0,0.0,604.8,0.0,0.0,483.6,0.0,399.6,379.2,157.2,0.0,0.0,0.0,0.0,0.0,42.0,0.0,0.0,0.0,44.4,73.2,62.4,68.4,15.6,69.60000000000014
2020-06-11,1000,0.0,0.0,259.0,0.0,0.0,198.0,0.0,155.0,148.0,84.0,0.0,0.0,0.0,0.0,0.0,18.0,0.0,0.0,0.0,17.0,26.0,29.0,30.0,0.0,35.99999999999994
2020-06-15,2006,0.0,0.0,496.512,0.0,0.0,433.27200000000005,0.0,330.00800000000004,285.858,152.438,0.0,0.0,0.0,0.0,0.0,50.16799999999999,0.0,0.0,0.0,22.0,57.222,52.15,31.132,0.0,95.24000000000001
2020-06-16,3092,0.0,0.0,822.4720000000001,0.0,0.0,615.308,0.0,507.08799999999997,432.88,207.16400000000002,0.0,0.0,0.0,0.0,0.0,46.38,0.0,0.0,0.0,55.656000000000006,71.116,151.508,105.12799999999999,0.0,77.3
2020-06-17,1200,0.0,0.0,322.8,0.0,0.0,231.6,0.0,190.8,163.2,72.0,0.0,0.0,0.0,0.0,0.0,30.0,0.0,0.0,0.0,28.8,45.6,34.8,37.2,18.0,25.199999999999932
2020-06-18,1000,0.0,0.0,259.0,0.0,0.0,197.0,0.0,145.0,159.0,83.0,0.0,0.0,0.0,0.0,0.0,16.0,0.0,0.0,0.0,20.0,25.0,30.0,28.0,0.0,37.99999999999997
2020-06-22,1000,0.0,0.0,238.0,0.0,0.0,222.0,0.0,156.0,140.0,75.0,0.0,0.0,0.0,0.0,0.0,27.0,0.0,0.0,0.0,20.0,24.0,30.0,12.0,0.0,56.000000000000085
2020-06-23,2623,0.0,0.0,674.9639999999999,0.0,0.0,528.6,0.0,441.30300000000005,396.712,182.36399999999998,0.0,0.0,0.0,0.0,0.0,39.968,0.0,0.0,0.0,48.214,55.46,106.904,86.428,0.0,62.08300000000002
2020-06-24,5100,0.0,0.0,1390.8,0.0,0.0,1053.6,0.0,796.2,743.4,298.8,0.0,0.0,0.0,0.0,0.0,70.8,0.0,0.0,0.0,55.2,153.0,153.6,149.1,14.4,221.1000000000004
2020-06-25,1000,0.0,0.0,258.0,0.0,0.0,198.0,0.0,145.0,160.0,82.0,0.0,0.0,0.0,0.0,0.0,17.0,0.0,0.0,0.0,19.0,26.0,29.0,26.0,0.0,40.0
2020-06-30,1496,0.0,0.0,397.936,0.0,0.0,320.144,0.0,224.4,210.93599999999998,88.264,0.0,0.0,0.0,0.0,0.0,22.44,0.0,0.0,0.0,25.432,38.896,52.36,38.896,5.984,70.31200000000004
2020-07-01,4100,0.0,0.0,1128.3,0.0,0.0,843.2,0.0,620.5,579.8,239.0,0.0,0.0,0.0,0.0,0.0,76.2,0.0,0.0,0.0,65.1,121.0,115.99999999999999,134.1,15.6,161.2000000000003
2020-07-02,1000,0.0,0.0,255.0,0.0,0.0,202.0,0.0,146.0,159.0,82.0,0.0,0.0,0.0,0.0,0.0,17.0,0.0,0.0,0.0,18.0,25.0,30.0,29.0,0.0,36.999999999999886
2020-07-03,837,0.0,0.0,222.642,0.0,0.0,187.488,0.0,139.779,120.528,53.568000000000005,0.0,0.0,0.0,0.0,0.0,11.718,0.0,0.0,0.0,14.229,28.458,28.458,24.272999999999996,0.0,5.859000000000143
2020-07-05,1000,0.0,0.0,256.0,0.0,0.0,202.0,0.0,148.0,158.0,82.0,0.0,0.0,0.0,0.0,0.0,17.0,0.0,0.0,0.0,17.0,25.0,31.0,28.0,0.0,35.99999999999994
2020-07-06,1000,0.0,0.0,239.0,0.0,0.0,220.0,0.0,154.0,138.0,72.0,0.0,0.0,0.0,0.0,0.0,31.0,0.0,0.0,0.0,19.0,30.0,26.0,16.0,0.0,55.0
2020-07-08,3500,0.0,0.0,950.4,0.0,0.0,704.4,0.0,514.8,493.7,206.7,0.0,0.0,0.0,0.0,44.4,65.5,0.0,0.0,0.0,50.3,66.7,112.0,115.4,13.2,162.5
2020-07-09,1000,0.0,0.0,253.0,0.0,0.0,204.0,0.0,147.0,158.0,82.0,0.0,0.0,0.0,0.0,0.0,18.0,0.0,0.0,0.0,18.0,27.0,29.0,28.0,0.0,35.99999999999994
2020-07-13,1000,0.0,0.0,260.0,0.0,0.0,210.0,0.0,160.0,140.0,70.0,0.0,0.0,0.0,0.0,0.0,20.0,0.0,0.0,0.0,10.0,30.0,30.0,30.0,10.0,30.0
2020-07-15,3400,0.0,0.0,929.6,0.0,0.0,687.0,0.0,515.0,487.20000000000005,193.0,0.0,0.0,0.0,0.0,0.0,59.6,0.0,0.0,0.0,53.6,100.4,97.6,110.0,14.4,152.60000000000025
2020-07-16,1000,0.0,0.0,249.0,0.0,0.0,202.0,0.0,150.0,160.0,83.0,0.0,0.0,0.0,0.0,0.0,19.0,0.0,0.0,0.0,16.0,29.0,27.0,29.0,0.0,36.000000000000085
2020-07-20,1000,0.0,0.0,237.0,0.0,0.0,218.0,0.0,158.0,139.0,79.0,0.0,0.0,0.0,0.0,0.0,26.0,0.0,0.0,0.0,16.0,34.0,23.0,21.0,0.0,49.00000000000006
2020-07-21,1500,0.0,0.0,381.0,0.0,0.0,315.0,0.0,240.0,225.0,97.5,0.0,0.0,0.0,0.0,0.0,0.0,0.0,0.0,0.0,0.0,51.0,48.0,37.5,0.0,105.0
2020-07-22,4400,0.0,0.0,1153.8000000000002,0.0,0.0,882.4,0.0,702.2,657.0,268.8,0.0,0.0,0.0,0.0,0.0,69.0,0.0,0.0,0.0,83.6,138.4,129.2,128.2,15.6,171.79999999999967
2020-07-23,1000,0.0,0.0,247.0,0.0,0.0,203.0,0.0,154.0,160.0,83.0,0.0,0.0,0.0,0.0,0.0,21.0,0.0,0.0,0.0,15.0,30.0,26.0,27.0,0.0,34.00000000000006
2020-07-28,1000,0.0,0.0,227.0,0.0,0.0,219.0,0.0,167.0,145.0,79.0,0.0,0.0,0.0,0.0,0.0,25.0,0.0,0.0,0.0,15.0,36.0,22.0,22.0,0.0,43.00000000000011
2020-07-29,3200,0.0,0.0,860.0,0.0,0.0,645.2,0.0,494.8,454.4,182.0,0.0,0.0,0.0,0.0,0.0,53.6,0.0,0.0,0.0,22.8,103.2,95.2,103.6,14.4,170.80000000000024
2020-07-30,1000,0.0,0.0,244.0,0.0,0.0,202.0,0.0,158.0,163.0,84.0,0.0,0.0,0.0,0.0,0.0,20.0,0.0,0.0,0.0,16.0,31.0,25.0,25.0,0.0,31.999999999999886
2020-08-03,1000,0.0,0.0,249.0,0.0,0.0,205.0,0.0,160.0,149.0,68.0,0.0,0.0,0.0,0.0,0.0,16.0,0.0,0.0,0.0,13.0,21.0,29.0,38.0,8.0,44.00000000000006
2020-08-05,2100,0.0,0.0,575.4,0.0,0.0,424.2,0.0,304.5,308.7,121.8,0.0,0.0,0.0,0.0,0.0,27.3,0.0,0.0,0.0,29.4,58.8,67.2,63.0,0.0,119.70000000000006
2020-08-13,1002,0.0,0.0,235.47,0.0,0.0,205.41,0.0,199.398,155.31,63.126,0.0,0.0,0.0,0.0,0.0,23.046,0.0,0.0,0.0,21.042,32.064,33.066,33.066,0.0,1.001999999999943
2020-08-23,1661,0.0,0.0,435.18199999999996,0.0,0.0,348.81,0.0,252.47199999999998,239.18400000000003,101.32099999999998,0.0,0.0,0.0,0.0,0.0,24.915,0.0,0.0,0.0,26.576000000000004,49.83,51.49100000000001,39.864,6.644000000000001,84.71100000000015
2020-08-24,1014,0.0,0.0,248.43,0.0,0.0,209.898,0.0,164.268,156.156,73.008,0.0,0.0,0.0,0.0,0.0,23.322,0.0,0.0,0.0,0.0,35.49,27.378,21.294,0.0,54.75600000000006
2020-08-26,3200,0.0,0.0,861.6,0.0,0.0,648.0,0.0,477.6,460.8,199.6,0.0,0.0,0.0,0.0,0.0,52.0,0.0,0.0,0.0,48.0,98.4,98.4,106.4,13.2,135.9999999999999
2020-08-29,2000,0.0,0.0,492.0,0.0,0.0,396.0,0.0,326.0,330.0,156.0,0.0,0.0,0.0,0.0,0.0,36.0,0.0,0.0,0.0,32.0,62.0,52.0,52.0,0.0,65.99999999999994
2020-09-02,2600,0.0,0.0,709.8,0.0,0.0,533.0,0.0,374.4,379.6,153.4,0.0,0.0,0.0,0.0,0.0,39.0,0.0,0.0,0.0,36.4,72.8,72.8,80.6,0.0,148.1999999999997
2020-09-20,2000,0.0,0.0,524.0,0.0,0.0,402.0,0.0,314.0,322.00000000000006,150.0,0.0,0.0,0.0,0.0,0.0,36.0,0.0,0.0,0.0,32.0,52.0,70.0,36.0,0.0,61.99999999999989
2020-09-21,1415,0.0,0.0,360.825,0.0,0.0,314.13,0.0,198.1,217.91,83.485,0.0,0.0,0.0,0.0,0.0,19.81,0.0,0.0,0.0,25.47,39.62,39.62,36.79,7.075,72.16499999999992
2020-09-23,5700,0.0,0.0,1452.1,0.0,0.0,1192.2,0.0,897.0,872.6,337.1,0.0,0.0,0.0,0.0,0.0,95.7,0.0,0.0,0.0,98.8,174.0,179.5,174.3,18.0,208.7
2020-09-30,4800,0.0,0.0,1226.4,0.0,0.0,1010.4,0.0,715.1999999999999,727.2,280.8,0.0,0.0,0.0,0.0,0.0,84.0,0.0,0.0,0.0,69.6,156.0,132.0,160.79999999999998,31.2,206.39999999999986
2020-10-01,1000,0.0,0.0,241.0,0.0,0.0,204.0,0.0,155.0,167.0,80.0,0.0,0.0,0.0,0.0,0.0,19.0,0.0,0.0,0.0,15.0,32.0,33.0,24.0,0.0,30.0
2020-10-02,800,0.0,0.0,192.0,0.0,0.0,164.0,0.0,128.0,129.6,48.8,0.0,0.0,0.0,0.0,0.0,16.0,0.0,0.0,0.0,16.0,28.0,24.0,24.8,11.2,17.600000000000023
2020-10-05,1000,0.0,0.0,230.0,0.0,0.0,221.0,0.0,167.0,156.0,69.0,0.0,0.0,0.0,0.0,0.0,19.0,0.0,0.0,0.0,16.0,34.0,20.0,21.0,0.0,46.99999999999989
2020-10-06,1718,0.0,0.0,434.654,0.0,0.0,362.49800000000005,0.0,249.11,269.726,108.234,0.0,0.0,0.0,0.0,0.0,25.77,0.0,0.0,0.0,27.488000000000003,46.386,73.874,58.412,17.18,44.6679999999999
2020-10-07,1200,0.0,0.0,292.8,0.0,0.0,246.0,0.0,186.0,192.0,70.8,0.0,0.0,0.0,0.0,0.0,27.6,0.0,0.0,0.0,21.6,42.0,36.0,37.2,16.8,31.2000000000001
2020-10-08,1000,0.0,0.0,240.0,0.0,0.0,208.0,0.0,152.0,168.0,76.0,0.0,0.0,0.0,0.0,0.0,18.0,0.0,0.0,0.0,18.0,30.0,34.0,26.0,0.0,30.0
2020-10-13,1725,0.0,0.0,432.975,0.0,0.0,362.25,0.0,255.3,270.825,110.4,0.0,0.0,0.0,0.0,0.0,24.15,0.0,0.0,0.0,27.6,50.025,75.9,60.375,18.975,36.2249999999999
2020-10-14,1200,0.0,0.0,291.6,0.0,0.0,246.0,0.0,182.4,188.4,73.2,0.0,0.0,0.0,0.0,0.0,25.2,0.0,0.0,0.0,20.4,44.4,40.8,38.4,13.2,36.0
2020-10-15,1000,0.0,0.0,240.0,0.0,0.0,213.0,0.0,147.0,169.0,75.0,0.0,0.0,0.0,0.0,0.0,17.0,0.0,0.0,0.0,15.0,31.0,32.0,28.0,0.0,33.000000000000114
2020-10-16,500,0.0,0.0,125.5,0.0,0.0,104.0,0.0,80.50000000000001,77.5,33.5,0.0,0.0,0.0,0.0,0.0,7.5,0.0,0.0,0.0,0.0,17.5,13.0,12.5,3.5,25.0
2020-10-19,705,0.0,0.0,172.725,0.0,0.0,144.525,0.0,112.8,115.61999999999998,42.3,0.0,0.0,0.0,0.0,0.0,16.214999999999996,0.0,0.0,0.0,14.805,22.56,21.15,21.15,0.0,21.15
2020-10-20,2472,0.0,0.0,618.944,0.0,0.0,507.776,0.0,373.128,380.1039999999999,156.608,0.0,0.0,0.0,0.0,0.0,41.879999999999995,0.0,0.0,0.0,36.28,70.088,95.896,91.392,16.72,83.18400000000003
2020-10-21,1200,0.0,0.0,279.6,0.0,0.0,244.8,0.0,184.8,194.4,76.8,0.0,0.0,0.0,0.0,0.0,27.6,0.0,0.0,0.0,22.8,45.6,38.4,36.0,14.4,34.80000000000007
2020-10-22,1000,0.0,0.0,241.0,0.0,0.0,210.0,0.0,145.0,170.0,74.0,0.0,0.0,0.0,0.0,0.0,16.0,0.0,0.0,0.0,16.0,32.0,34.0,31.0,0.0,30.999999999999947
2020-10-25,1492,0.0,0.0,373.0,0.0,0.0,329.732,0.0,213.35600000000002,234.24399999999997,91.01199999999999,0.0,0.0,0.0,0.0,0.0,22.38,0.0,0.0,0.0,25.364,46.251999999999995,43.268,37.3,8.952,67.14
2020-10-26,2017,0.0,0.0,457.90999999999997,0.0,0.0,434.655,0.0,317.669,333.754,151.24099999999999,0.0,0.0,0.0,0.0,0.0,38.391,0.0,0.0,0.0,14.0,58.561,54.44200000000001,48.408,0.0,107.96900000000002
2020-10-27,2339,0.0,0.0,585.5640000000001,0.0,0.0,490.077,0.0,354.312,374.24,148.171,0.0,0.0,0.0,0.0,0.0,38.341,0.0,0.0,0.0,24.4,67.12,90.706,78.60900000000001,16.775000000000002,70.685
2020-10-28,2200,0.0,0.0,530.6,0.0,0.0,456.6,0.0,339.0,347.4,153.4,0.0,0.0,0.0,0.0,0.0,51.8,0.0,0.0,0.0,20.4,71.2,68.6,68.4,14.4,78.20000000000002
2020-10-29,1503,0.0,0.0,361.235,0.0,0.0,312.624,0.0,222.971,250.474,106.68299999999999,0.0,0.0,0.0,0.0,0.0,26.557,0.0,0.0,0.0,15.0,52.114,48.587,47.593,0.0,59.16200000000006
2020-11-02,1425,0.0,0.0,353.4,0.0,0.0,287.85,0.0,208.05,228.0,95.475,0.0,0.0,0.0,0.0,0.0,24.225,0.0,0.0,0.0,24.225,39.9,62.70000000000001,52.725,17.1,31.349999999999838
2020-11-04,1200,0.0,0.0,279.6,0.0,0.0,244.8,0.0,178.8,193.2,72.0,0.0,0.0,0.0,0.0,0.0,31.2,0.0,0.0,0.0,24.0,45.6,42.0,37.2,13.2,38.399999999999864
2020-11-05,502,0.0,0.0,120.48,0.0,0.0,104.91799999999999,0.0,80.32,80.822,32.128,0.0,0.0,0.0,0.0,0.0,11.044,0.0,0.0,0.0,0.0,16.566,15.06,14.056,0.0,26.605999999999984
2020-11-06,1800,0.0,0.0,425.4,0.0,0.0,371.6,0.0,265.6,299.6,129.2,0.0,0.0,0.0,0.0,0.0,36.4,0.0,0.0,0.0,28.4,62.0,60.6,58.8,9.6,52.79999999999998
2020-11-10,2988,0.0,0.0,721.524,0.0,0.0,612.6,0.0,443.784,473.544,198.684,0.0,0.0,0.0,0.0,0.0,26.784000000000002,0.0,0.0,0.0,26.784000000000002,94.176,105.984,95.55600000000001,17.855999999999998,170.72399999999988
2020-11-11,3500,0.0,0.0,848.7,0.0,0.0,710.3,0.0,519.4,573.0,207.8,0.0,0.0,0.0,0.0,0.0,67.9,0.0,0.0,0.0,51.5,112.2,107.4,112.1,15.6,174.09999999999982
2020-11-12,502,0.0,0.0,119.476,0.0,0.0,104.416,0.0,77.308,78.814,34.638000000000005,0.0,0.0,0.0,0.0,0.0,11.044,0.0,0.0,0.0,8.533999999999999,17.067999999999998,15.06,14.558,0.0,21.083999999999943
2020-11-13,1000,0.0,0.0,234.0,0.0,0.0,207.0,0.0,145.0,171.0,79.0,0.0,0.0,0.0,0.0,0.0,19.0,0.0,0.0,0.0,15.0,33.0,34.0,33.0,0.0,30.0
2020-11-18,5300,0.0,0.0,1270.3,0.0,0.0,1094.1,0.0,796.0999999999999,854.0,350.90000000000003,0.0,0.0,0.0,0.0,0.0,87.9,0.0,0.0,0.0,77.3,154.9,154.2,168.5,13.2,278.5999999999998
2020-11-19,1500,0.0,0.0,349.0,0.0,0.0,307.5,0.0,219.0,248.0,113.5,0.0,0.0,0.0,0.0,0.0,33.0,0.0,0.0,0.0,23.0,53.0,48.0,51.0,0.0,55.00000000000007
2020-11-22,1484,0.0,0.0,356.16,0.0,0.0,327.964,0.0,200.34,237.44,100.91199999999999,0.0,0.0,0.0,0.0,0.0,22.26,0.0,0.0,0.0,26.712000000000003,44.52,47.488,41.552,7.42,71.23199999999996
2020-11-23,1939,0.0,0.0,467.554,0.0,0.0,391.76300000000003,0.0,276.659,324.794,135.197,0.0,0.0,0.0,0.0,0.0,45.408,0.0,0.0,0.0,36.138000000000005,51.565,75.343,71.828,15.852,46.89899999999989
2020-11-25,2200,0.0,0.0,547.8,0.0,0.0,443.6,0.0,330.0,351.8,154.4,0.0,0.0,0.0,0.0,0.0,44.2,0.0,0.0,0.0,47.6,72.8,64.0,72.0,14.4,57.400000000000034
2020-11-27,1000,0.0,0.0,230.0,0.0,0.0,208.0,0.0,146.0,169.0,82.0,0.0,0.0,0.0,0.0,0.0,19.0,0.0,0.0,0.0,15.0,34.0,32.0,33.0,0.0,32.00000000000003
2020-12-02,2200,0.0,0.0,541.6,0.0,0.0,454.8,0.0,316.4,356.8,144.4,0.0,0.0,0.0,0.0,0.0,36.4,0.0,0.0,0.0,39.0,62.0,78.4,75.8,27.0,67.4000000000002
2020-12-03,502,0.0,0.0,117.97,0.0,0.0,103.914,0.0,74.798,80.32,37.148,0.0,0.0,0.0,0.0,0.0,10.04,0.0,0.0,0.0,8.533999999999999,16.064,15.562000000000001,16.064,0.0,21.58600000000006
2020-12-07,2002,0.0,0.0,457.45,0.0,0.0,434.43,0.0,311.31,326.332,157.148,0.0,0.0,0.0,0.0,0.0,43.048,0.0,0.0,0.0,15.0,66.068,50.05,50.05799999999999,0.0,91.10600000000008
2020-12-08,2300,0.0,0.0,575.0,0.0,0.0,466.9,0.0,333.5,377.2,142.6,0.0,0.0,0.0,0.0,0.0,34.5,0.0,0.0,0.0,23.0,69.0,73.6,73.6,13.8,117.3000000000002
2020-12-09,1200,0.0,0.0,286.8,0.0,0.0,241.2,0.0,177.6,201.6,70.8,0.0,0.0,0.0,0.0,0.0,25.2,0.0,0.0,0.0,25.2,39.6,37.2,45.6,12.0,37.19999999999993
2020-12-10,503,0.0,0.0,119.714,0.0,0.0,104.12100000000001,0.0,73.438,80.48,37.222,0.0,0.0,0.0,0.0,0.0,9.556999999999999,0.0,0.0,0.0,7.545,17.102,15.09,16.599,0.0,22.13200000000003
2020-12-11,1000,0.0,0.0,237.0,0.0,0.0,203.0,0.0,142.0,171.0,82.0,0.0,0.0,0.0,0.0,0.0,19.0,0.0,0.0,0.0,15.0,35.0,30.0,33.0,0.0,32.99999999999997
2020-12-13,1398,0.0,0.0,320.142,0.0,0.0,307.56,0.0,177.546,234.864,97.86,0.0,0.0,0.0,0.0,0.0,20.97,0.0,0.0,0.0,25.164,41.94,44.736000000000004,41.94,8.388,76.89
2020-12-14,2664,0.0,0.0,645.6800000000001,0.0,0.0,541.792,0.0,375.96000000000004,443.232,202.47199999999998,0.0,0.0,0.0,0.0,0.0,52.28,0.0,0.0,0.0,48.28,80.592,104.21600000000001,90.24000000000001,18.304000000000002,60.9519999999998
2020-12-15,2900,0.0,0.0,725.4,0.0,0.0,580.7,0.0,418.70000000000005,464.2,184.6,0.0,0.0,0.0,0.0,0.0,45.4,0.0,0.0,0.0,35.1,87.5,96.80000000000001,96.5,12.6,152.50000000000014
2020-12-16,2200,0.0,0.0,515.8,0.0,0.0,446.8,0.0,331.6,360.4,168.6,0.0,0.0,0.0,0.0,0.0,47.8,0.0,0.0,0.0,42.0,73.2,63.6,74.4,14.4,61.40000000000015
2020-12-17,502,0.0,0.0,116.464,0.0,0.0,103.914,0.0,75.3,80.822,37.65,0.0,0.0,0.0,0.0,0.0,9.036,0.0,0.0,0.0,8.032,16.566,15.562000000000001,15.562000000000001,0.0,23.09199999999997
2020-12-18,1000,0.0,0.0,235.0,0.0,0.0,206.0,0.0,142.0,170.0,81.0,0.0,0.0,0.0,0.0,0.0,20.0,0.0,0.0,0.0,16.0,34.0,31.0,33.0,0.0,31.999999999999886
2020-12-21,800,0.0,0.0,190.4,0.0,0.0,164.0,0.0,116.0,120.0,56.0,0.0,0.0,0.0,0.0,0.0,16.8,0.0,0.0,0.0,12.8,24.0,20.0,26.4,0.0,53.59999999999991
2020-12-28,2672,0.0,0.0,661.296,0.0,0.0,541.4,0.0,379.408,433.864,192.05599999999998,0.0,0.0,0.0,0.0,0.0,51.112,0.0,0.0,0.0,53.784,83.816,99.568,94.864,18.392,62.440000000000055
2021-01-02,1000,0.0,0.0,257.0,0.0,0.0,204.0,0.0,144.0,166.0,69.0,0.0,0.0,0.0,0.0,0.0,17.0,0.0,0.0,0.0,18.0,36.0,27.0,32.0,0.0,30.0
2021-01-04,1000,0.0,0.0,232.0,0.0,0.0,201.0,0.0,140.0,168.0,104.0,0.0,0.0,0.0,0.0,0.0,18.0,0.0,0.0,0.0,15.0,32.0,29.0,32.0,0.0,28.999999999999915
2021-01-07,1200,0.0,0.0,278.4,0.0,0.0,232.8,0.0,176.4,206.4,70.8,0.0,0.0,0.0,0.0,0.0,25.2,0.0,0.0,0.0,28.8,45.6,34.8,49.2,12.0,39.599999999999966
2021-01-10,1555,0.0,0.0,365.425,0.0,0.0,338.99,0.0,200.595,255.01999999999995,116.625,0.0,0.0,0.0,0.0,0.0,21.77,0.0,0.0,0.0,26.435,49.76,41.985,48.205,10.885,79.30500000000013
2021-01-11,1800,0.0,0.0,419.2,0.0,0.0,354.0,0.0,253.8,287.8,159.0,0.0,0.0,0.0,0.0,0.0,37.2,0.0,0.0,0.0,28.0,52.8,52.4,66.8,0.0,89.0
2021-01-12,1684,0.0,0.0,404.16,0.0,0.0,333.432,0.0,234.07600000000002,272.808,124.616,0.0,0.0,0.0,0.0,0.0,37.048,0.0,0.0,0.0,37.048,45.468,70.72800000000001,60.624,16.84,47.15199999999995
2021-01-13,1000,0.0,0.0,231.0,0.0,0.0,199.0,0.0,163.0,150.0,102.0,0.0,0.0,0.0,0.0,0.0,25.0,0.0,0.0,0.0,15.0,35.0,24.0,33.0,0.0,23.000000000000114
2021-01-14,3000,0.0,0.0,697.2,0.0,0.0,589.8,0.0,446.4,503.2,206.2,0.0,0.0,0.0,0.0,0.0,56.4,0.0,0.0,0.0,55.0,96.0,95.4,116.19999999999999,28.8,109.39999999999986
2021-01-15,3200,0.0,0.0,738.4,0.0,0.0,650.0,0.0,490.0,544.0,238.0,0.0,0.0,0.0,0.0,0.0,30.0,0.0,0.0,0.0,22.8,117.2,86.8,101.6,14.4,166.79999999999995
2021-01-16,1003,0.0,0.0,232.696,0.0,0.0,202.606,0.0,143.429,166.49800000000002,104.31200000000001,0.0,0.0,0.0,0.0,0.0,20.06,0.0,0.0,0.0,16.048000000000002,34.102,22.066000000000003,32.096000000000004,0.0,29.087000000000057
2021-01-19,3624,0.0,0.0,860.9879999999999,0.0,0.0,730.524,0.0,536.184,613.236,250.8,0.0,0.0,0.0,0.0,0.0,55.68,0.0,0.0,0.0,53.004,105.672,130.26,122.64,27.84,137.17199999999997
2021-01-20,2000,0.0,0.0,480.4,0.0,0.0,391.2,0.0,302.8,319.6,139.6,0.0,0.0,0.0,0.0,0.0,35.6,0.0,0.0,0.0,37.599999999999994,67.2,58.4,76.0,0.0,91.60000000000008
2021-01-22,1000,0.0,0.0,232.0,0.0,0.0,202.0,0.0,141.0,168.0,102.0,0.0,0.0,0.0,0.0,0.0,18.0,0.0,0.0,0.0,17.0,31.0,25.0,34.0,0.0,30.0
2021-01-23,2000,0.0,0.0,460.0,0.0,0.0,404.0,0.0,300.0,344.0,176.0,0.0,0.0,0.0,0.0,0.0,0.0,0.0,0.0,0.0,0.0,76.0,56.0,58.0,0.0,125.99999999999994
2021-01-25,1000,0.0,0.0,232.0,0.0,0.0,206.0,0.0,154.0,158.0,88.0,0.0,0.0,0.0,0.0,0.0,15.0,0.0,0.0,0.0,20.0,35.0,21.0,37.0,0.0,34.00000000000006
2021-01-26,2564,0.0,0.0,619.924,0.0,0.0,508.8,0.0,355.96000000000004,438.804,187.86399999999998,0.0,0.0,0.0,0.0,0.0,39.844,0.0,0.0,0.0,48.844,59.228,88.124,88.304,26.204,102.09999999999974
2021-01-27,4000,0.0,0.0,929.0,0.0,0.0,784.2,0.0,633.4,647.4000000000001,280.6,0.0,0.0,0.0,0.0,0.0,77.4,0.0,0.0,0.0,56.2,133.6,124.6,133.8,30.8,169.00000000000003
2021-01-29,1000,0.0,0.0,239.0,0.0,0.0,195.0,0.0,138.0,171.0,102.0,0.0,0.0,0.0,0.0,0.0,20.0,0.0,0.0,0.0,16.0,30.0,27.0,33.0,0.0,29.000000000000053
2021-02-01,800,0.0,0.0,194.4,0.0,0.0,156.0,0.0,112.8,121.6,61.6,0.0,0.0,0.0,0.0,0.0,0.0,0.0,0.0,0.0,12.8,25.6,28.0,38.4,0.0,48.800000000000075
2021-02-02,1482,0.0,0.0,354.198,0.0,0.0,297.882,0.0,205.998,234.15600000000003,114.11399999999999,0.0,0.0,0.0,0.0,0.0,31.122000000000003,0.0,0.0,0.0,31.122000000000003,41.495999999999995,60.762,54.834,16.302,40.01399999999983
2021-02-03,3001,0.0,0.0,708.228,0.0,0.0,594.009,0.0,457.75199999999995,499.969,208.478,0.0,0.0,0.0,0.0,0.0,61.22,0.0,0.0,0.0,35.599999999999994,106.03200000000001,89.027,106.428,10.4,123.85700000000008
2021-02-04,1000,0.0,0.0,240.0,0.0,0.0,190.0,0.0,150.0,165.0,70.0,0.0,0.0,0.0,0.0,0.0,10.0,0.0,0.0,0.0,15.0,20.0,30.0,30.0,20.0,60.0
2021-02-05,1000,0.0,0.0,238.0,0.0,0.0,194.0,0.0,136.0,169.0,105.0,0.0,0.0,0.0,0.0,0.0,22.0,0.0,0.0,0.0,15.0,29.0,27.0,35.0,0.0,30.0
2021-02-07,1558,0.0,0.0,366.13,0.0,0.0,319.39,0.0,207.21400000000003,244.606,123.08200000000001,0.0,0.0,0.0,0.0,0.0,0.0,0.0,0.0,0.0,29.601999999999997,49.856,45.181999999999995,71.66799999999999,12.464,88.80600000000004
2021-02-09,2250,0.0,0.0,540.0,0.0,0.0,450.0,0.0,369.0,391.5,139.5,0.0,0.0,0.0,0.0,0.0,27.0,0.0,0.0,0.0,24.75,65.25,74.25,72.0,0.0,96.74999999999993
2021-02-10,3800,0.0,0.0,898.6,0.0,0.0,728.4,0.0,553.0,631.4,272.8,0.0,0.0,0.0,0.0,0.0,65.2,0.0,0.0,0.0,67.80000000000001,123.0,116.2,141.6,18.2,183.7999999999999
2021-02-13,1000,0.0,0.0,239.0,0.0,0.0,192.0,0.0,132.0,173.0,106.0,0.0,0.0,0.0,0.0,0.0,21.0,0.0,0.0,0.0,16.0,30.0,28.0,34.0,0.0,29.000000000000053
2021-02-15,3708,0.0,0.0,875.896,0.0,0.0,734.516,0.0,570.512,655.6519999999999,245.912,0.0,0.0,0.0,0.0,0.0,59.66,0.0,0.0,0.0,46.444,123.172,116.708,117.99199999999999,0.0,161.53600000000017
2021-02-16,1488,0.0,0.0,352.656,0.0,0.0,290.16,0.0,202.368,241.05599999999998,119.04,0.0,0.0,0.0,0.0,0.0,31.248,0.0,0.0,0.0,31.248,40.176,62.496,55.056000000000004,19.344,43.15200000000008
2021-02-17,1200,0.0,0.0,277.2,0.0,0.0,219.6,0.0,184.8,210.0,90.0,0.0,0.0,0.0,0.0,0.0,22.8,0.0,0.0,0.0,21.6,51.6,31.2,46.8,0.0,44.399999999999864
2021-02-18,1800,0.0,0.0,441.0,0.0,0.0,344.4,0.0,261.8,294.6,121.0,0.0,0.0,0.0,0.0,0.0,26.0,0.0,0.0,0.0,25.2,58.8,59.0,67.0,31.2,70.0
2021-02-19,1002,0.0,0.0,238.47600000000003,0.0,0.0,193.38600000000002,0.0,133.266,174.34799999999998,106.21199999999999,0.0,0.0,0.0,0.0,0.0,20.04,0.0,0.0,0.0,15.03,31.062,28.055999999999997,33.066,0.0,29.058000000000057
2021-02-20,1501,0.0,0.0,355.73699999999997,0.0,0.0,289.693,0.0,198.132,262.675,157.605,0.0,0.0,0.0,0.0,0.0,30.02,0.0,0.0,0.0,24.016,45.03,42.028,49.533,0.0,46.53099999999991
2021-02-22,3700,0.0,0.0,884.0,0.0,0.0,706.8,0.0,550.0,665.5,243.4,0.0,0.0,0.0,0.0,0.0,57.5,0.0,0.0,0.0,56.1,124.5,113.0,118.7,0.0,180.49999999999991
2021-02-24,2200,0.0,0.0,510.8,0.0,0.0,412.0,0.0,343.6,376.0,158.8,0.0,0.0,0.0,0.0,0.0,47.0,0.0,0.0,0.0,38.8,91.2,62.6,69.8,0.0,89.40000000000015
2021-02-26,1000,0.0,0.0,236.0,0.0,0.0,190.0,0.0,132.0,176.0,106.0,0.0,0.0,0.0,0.0,0.0,21.0,0.0,0.0,0.0,16.0,32.0,27.0,34.0,0.0,30.0
2021-03-01,2487,0.0,0.0,588.906,0.0,0.0,486.99100000000004,0.0,362.66700000000003,395.40700000000004,202.012,0.0,0.0,0.0,0.0,0.0,47.739999999999995,0.0,0.0,0.0,42.739999999999995,79.61,83.428,84.55799999999999,20.817999999999998,92.12300000000013
2021-03-03,6165,0.0,0.0,1440.65,0.0,0.0,1162.1650000000002,0.0,932.04,1079.7649999999999,431.26,0.0,0.0,0.0,0.0,0.0,114.53999999999999,0.0,0.0,0.0,99.53500000000001,243.89999999999998,172.51999999999998,213.61499999999998,21.455,253.55499999999967
2021-03-05,1000,0.0,0.0,237.0,0.0,0.0,183.0,0.0,141.0,176.0,105.0,0.0,0.0,0.0,0.0,0.0,22.0,0.0,0.0,0.0,15.0,30.0,26.0,36.0,0.0,29.000000000000053
2021-03-08,2522,0.0,0.0,578.406,0.0,0.0,432.74,0.0,443.136,416.784,219.32600000000002,0.0,0.0,0.0,0.0,0.0,47.44,0.0,0.0,0.0,14.0,123.49,50.962,62.006,0.0,133.71000000000015
2021-03-09,4297,0.0,0.0,986.4390000000001,0.0,0.0,741.9749999999999,0.0,724.652,735.0790000000001,342.21400000000006,0.0,0.0,0.0,0.0,0.0,46.874,0.0,0.0,0.0,40.874,151.199,126.29299999999999,135.498,20.901999999999997,245.00099999999998
2021-03-10,3900,0.0,0.0,935.6999999999999,0.0,0.0,727.2,0.0,627.9,703.5,236.10000000000002,0.0,0.0,0.0,0.0,0.0,67.2,0.0,0.0,0.0,52.5,154.2,107.4,124.80000000000001,0.0,163.5
2021-03-12,1000,0.0,0.0,235.0,0.0,0.0,173.0,0.0,160.0,175.0,104.0,0.0,0.0,0.0,0.0,0.0,19.0,0.0,0.0,0.0,14.0,33.0,24.0,35.0,0.0,28.000000000000114
2021-03-15,1110,0.0,0.0,251.97,0.0,0.0,180.93,0.0,193.14,183.15,84.36,0.0,0.0,0.0,0.0,0.0,12.21,0.0,0.0,0.0,26.64,38.85,29.97,47.73,0.0,61.05
2021-03-16,4700,0.0,0.0,1081.2,0.0,0.0,933.9,0.0,695.1,889.6,298.7,0.0,0.0,0.0,0.0,0.0,42.4,0.0,0.0,0.0,78.5,134.4,133.7,140.3,10.0,262.2
2021-03-17,1200,0.0,0.0,279.6,0.0,0.0,228.0,0.0,210.0,205.2,80.4,0.0,0.0,0.0,0.0,0.0,14.4,0.0,0.0,0.0,24.0,54.0,27.6,40.8,0.0,36.0
2021-03-18,2700,0.0,0.0,648.0,0.0,0.0,486.0,0.0,413.1,448.20000000000005,164.7,0.0,0.0,0.0,0.0,0.0,48.6,0.0,0.0,0.0,59.400000000000006,102.6,75.6,105.3,40.5,108.0
2021-03-19,1002,0.0,0.0,236.472,0.0,0.0,180.36,0.0,158.316,176.352,105.21,0.0,0.0,0.0,0.0,0.0,15.03,0.0,0.0,0.0,15.03,32.064,23.046,32.064,0.0,28.055999999999973
2021-03-23,3200,0.0,0.0,737.6,0.0,0.0,629.8,0.0,523.2,579.0,216.8,0.0,0.0,0.0,0.0,0.0,43.6,0.0,0.0,0.0,46.8,100.2,90.2,94.4,0.0,138.40000000000003
2021-03-24,2200,0.0,0.0,516.2,0.0,0.0,405.6,0.0,373.8,377.4,143.0,0.0,0.0,0.0,0.0,0.0,20.4,0.0,0.0,0.0,42.6,89.0,51.4,68.4,35.6,76.60000000000014
2021-03-26,1000,0.0,0.0,232.0,0.0,0.0,183.0,0.0,160.0,178.0,103.0,0.0,0.0,0.0,0.0,0.0,13.0,0.0,0.0,0.0,16.0,33.0,22.0,31.0,0.0,28.999999999999915
2021-03-30,1000,0.0,0.0,220.0,0.0,0.0,200.0,0.0,178.0,180.0,77.0,0.0,0.0,0.0,0.0,0.0,16.0,0.0,0.0,0.0,18.0,28.0,23.0,22.0,0.0,37.99999999999997
2021-03-31,3500,0.0,0.0,816.4,0.0,0.0,671.6,0.0,566.5,645.9,221.9,0.0,0.0,0.0,0.0,0.0,51.5,0.0,0.0,0.0,55.0,124.1,93.2,111.0,12.0,130.8999999999998
2021-04-01,1003,0.0,0.0,226.67800000000003,0.0,0.0,185.555,0.0,163.489,180.54,101.303,0.0,0.0,0.0,0.0,34.102,12.036,0.0,0.0,0.0,17.051,0.0,21.063000000000002,30.09,0.0,31.092999999999943
2021-04-05,7452,0.0,0.0,1676.7,0.0,0.0,1475.496,0.0,1080.54,1244.484,581.256,0.0,0.0,0.0,0.0,0.0,104.32799999999999,0.0,0.0,0.0,134.136,312.98400000000004,201.204,223.56,67.068,350.24400000000026
2021-04-07,2800,0.0,0.0,621.6,0.0,0.0,546.8,0.0,482.79999999999995,485.20000000000005,189.20000000000002,0.0,0.0,0.0,0.0,0.0,42.8,0.0,0.0,0.0,55.199999999999996,107.6,65.6,98.39999999999999,23.2,81.60000000000008
2021-04-08,1502,0.0,0.0,334.94599999999997,0.0,0.0,283.878,0.0,247.83,271.862,148.698,0.0,0.0,0.0,0.0,0.0,18.023999999999997,0.0,0.0,0.0,27.035999999999998,49.565999999999995,30.04,42.056,0.0,48.06399999999983
2021-04-09,1998,0.0,0.0,447.55199999999996,0.0,0.0,375.624,0.0,329.67,361.63800000000003,197.80200000000002,0.0,0.0,0.0,0.0,0.0,23.976,0.0,0.0,0.0,35.964,63.93600000000001,41.958,57.942,0.0,61.93799999999988
2021-04-13,4682,0.0,0.0,1084.578,0.0,0.0,887.742,0.0,747.73,854.904,304.65,0.0,0.0,0.0,0.0,0.0,56.12,0.0,0.0,0.0,71.812,123.12200000000001,156.28,152.86,22.147999999999996,220.05399999999992
2021-04-19,1200,0.0,0.0,254.4,0.0,0.0,229.2,0.0,220.8,216.0,76.8,0.0,0.0,0.0,0.0,0.0,20.4,0.0,0.0,0.0,22.8,54.0,25.2,44.4,13.2,22.800000000000068
