date,PP,PSOE,ERC,PNVEAJ,CC,BNG,Cs,VOX,Podemos,EHBildu,PACMA,PDeCAT,Comp,JuntsxCat,Naplus,MP,CUP
2011-12-15,44.9,28.4,-100,-100,-100,-100,-100,-100,-100,-100,-100,-100,-100,-100,-100,-100,-100
2012-01-05,46.4,26.5,-100,-100,-100,-100,-100,-100,-100,-100,-100,-100,-100,-100,-100,-100,-100
2012-01-06,46.1,28.8,1.1,1.4,0.6,0.8,-100,-100,-100,-100,-100,-100,-100,-100,-100,-100,-100
2012-01-15,42.7,28.0,1.4,1.4,0.4,0.5,-100,-100,-100,-100,-100,-100,-100,-100,-100,-100,-100
2012-01-20,46.3,27.8,1.1,1.4,0.6,0.8,-100,-100,-100,-100,-100,-100,-100,-100,-100,-100,-100
2012-02-07,44.6,27.4,1.2,1.4,0.6,1.0,-100,-100,-100,-100,-100,-100,-100,-100,-100,-100,-100
2012-02-09,46.2,23.0,-100,-100,-100,-100,-100,-100,-100,-100,-100,-100,-100,-100,-100,-100,-100
2012-02-17,45.6,25.6,1.1,1.4,0.6,0.8,-100,-100,-100,-100,-100,-100,-100,-100,-100,-100,-100
2012-02-28,42.0,28.2,1.2,1.2,-100,-100,-100,-100,-100,-100,-100,-100,-100,-100,-100,-100,-100
2012-03-01,46.3,24.4,-100,-100,-100,-100,-100,-100,-100,-100,-100,-100,-100,-100,-100,-100,-100
2012-03-07,45.1,26.1,1.2,1.4,0.6,1.0,-100,-100,-100,-100,-100,-100,-100,-100,-100,-100,-100
2012-04-09,41.3,28.9,1.2,1.5,0.7,1.0,-100,-100,-100,-100,-100,-100,-100,-100,-100,-100,-100
2012-04-11,42.0,24.9,-100,1.1,-100,-100,-100,-100,-100,-100,-100,-100,-100,-100,-100,-100,-100
2012-04-12,38.1,23.0,-100,-100,-100,-100,-100,-100,-100,-100,-100,-100,-100,-100,-100,-100,-100
2012-04-17,40.6,29.6,1.7,1.2,0.3,0.3,-100,-100,-100,-100,-100,-100,-100,-100,-100,-100,-100
2012-05-08,41.1,28.8,1.0,1.6,0.7,1.2,-100,-100,-100,-100,-100,-100,-100,-100,-100,-100,-100
2012-05-10,37.2,25.8,-100,-100,-100,-100,-100,-100,-100,-100,-100,-100,-100,-100,-100,-100,-100
2012-05-11,39.9,27.1,-100,0.9,-100,-100,-100,-100,-100,-100,-100,-100,-100,-100,-100,-100,-100
2012-05-30,42.7,27.9,-100,-100,-100,-100,-100,-100,-100,-100,-100,-100,-100,-100,-100,-100,-100
2012-06-07,38.95,27.6,0.9,1.5,0.6,1.1,-100,-100,-100,-100,-100,-100,-100,-100,-100,-100,-100
2012-06-14,39.1,29.2,1.2,1.4,-100,-100,-100,-100,-100,-100,-100,-100,-100,-100,-100,-100,-100
2012-06-15,39.2,24.4,-100,1.7,-100,-100,-100,-100,-100,-100,-100,-100,-100,-100,-100,-100,-100
2012-06-18,38.1,28.1,1.0,1.5,-100,-100,-100,-100,-100,-100,-100,-100,-100,-100,-100,-100,-100
2012-06-28,36.8,23.1,-100,1.8,-100,-100,-100,-100,-100,-100,-100,-100,-100,-100,-100,-100,-100
2012-07-05,37.0,23.1,-100,-100,-100,-100,-100,-100,-100,-100,-100,-100,-100,-100,-100,-100,-100
2012-07-06,40.6,29.4,1.1,1.6,0.7,1.2,-100,-100,-100,-100,-100,-100,-100,-100,-100,-100,-100
2012-07-10,36.900000000000006,28.799999999999997,1.3,1.05,0.7,0.7,-100,-100,-100,-100,-100,-100,-100,-100,-100,-100,-100
2012-07-19,35.8,29.6,1.1,1.4,-100,-100,-100,-100,-100,-100,-100,-100,-100,-100,-100,-100,-100
2012-07-26,30.0,24.7,-100,-100,-100,-100,-100,-100,-100,-100,-100,-100,-100,-100,-100,-100,-100
2012-07-27,34.2,29.5,1.3,1.7,0.6,1.1,-100,-100,-100,-100,-100,-100,-100,-100,-100,-100,-100
2012-07-31,35.9,28.3,-100,-100,-100,-100,-100,-100,-100,-100,-100,-100,-100,-100,-100,-100,-100
2012-08-10,36.4,24.7,-100,0.7,-100,-100,-100,-100,-100,-100,-100,-100,-100,-100,-100,-100,-100
2012-09-06,30.9,24.1,-100,-100,-100,-100,-100,-100,-100,-100,-100,-100,-100,-100,-100,-100,-100
2012-09-07,34.0,29.9,1.2,1.6,0.8,0.8,-100,-100,-100,-100,-100,-100,-100,-100,-100,-100,-100
2012-09-12,31.1,24.8,-100,-100,-100,-100,-100,-100,-100,-100,-100,-100,-100,-100,-100,-100,-100
2012-09-13,34.7,26.0,-100,1.0,-100,-100,-100,-100,-100,-100,-100,-100,-100,-100,-100,-100,-100
2012-10-04,29.9,23.9,-100,-100,-100,-100,-100,-100,-100,-100,-100,-100,-100,-100,-100,-100,-100
2012-10-05,32.8,28.0,1.5,1.7,0.8,0.8,-100,-100,-100,-100,-100,-100,-100,-100,-100,-100,-100
2012-10-14,35.9,28.6,1.3,1.4,0.4,0.7,-100,-100,-100,-100,-100,-100,-100,-100,-100,-100,-100
2012-10-17,29.4,27.3,1.0,1.7,-100,-100,-100,-100,-100,-100,-100,-100,-100,-100,-100,-100,-100
2012-10-31,33.0,22.3,-100,-100,-100,-100,-100,-100,-100,-100,-100,-100,-100,-100,-100,-100,-100
2012-11-07,31.8,22.9,-100,-100,-100,-100,-100,-100,-100,-100,-100,-100,-100,-100,-100,-100,-100
2012-11-08,34.5,24.3,-100,1.0,-100,-100,-100,-100,-100,-100,-100,-100,-100,-100,-100,-100,-100
2012-11-09,33.6,28.3,1.9,1.7,0.8,0.7,-100,-100,-100,-100,-100,-100,-100,-100,-100,-100,-100
2012-11-29,31.3,22.7,-100,-100,-100,-100,-100,-100,-100,-100,-100,-100,-100,-100,-100,-100,-100
2012-12-10,33.6,23.0,-100,1.4,-100,-100,-100,-100,-100,-100,-100,-100,-100,-100,-100,-100,-100
2012-12-12,33.1,28.5,1.8,1.5,0.7,0.7,-100,-100,-100,-100,-100,-100,-100,-100,-100,-100,-100
2012-12-28,36.7,30.7,1.2,1.2,-100,-100,-100,-100,-100,-100,-100,-100,-100,-100,-100,-100,-100
2013-01-09,32.8,28.6,1.7,1.6,0.9,0.7,-100,-100,-100,-100,-100,-100,-100,-100,-100,-100,-100
2013-01-10,29.8,23.3,-100,-100,-100,-100,-100,-100,-100,-100,-100,-100,-100,-100,-100,-100,-100
2013-01-14,35.0,30.2,2.0,1.3,0.9,0.8,-100,-100,-100,-100,-100,-100,-100,-100,-100,-100,-100
2013-01-21,36.5,26.3,-100,-100,-100,-100,-100,-100,-100,-100,-100,-100,-100,-100,-100,-100,-100
2013-01-29,30.2,28.0,1.7,-100,-100,-100,-100,-100,-100,-100,-100,-100,-100,-100,-100,-100,-100
2013-02-01,23.9,23.5,-100,-100,-100,-100,-100,-100,-100,-100,-100,-100,-100,-100,-100,-100,-100
2013-02-06,29.8,28.6,1.6,1.6,1.0,0.6,-100,-100,-100,-100,-100,-100,-100,-100,-100,-100,-100
2013-02-08,33.5,28.2,1.4,1.3,-100,-100,-100,-100,-100,-100,-100,-100,-100,-100,-100,-100,-100
2013-02-28,24.3,23.1,-100,-100,-100,-100,-100,-100,-100,-100,-100,-100,-100,-100,-100,-100,-100
2013-03-06,29.4,27.8,2.0,1.5,1.1,0.6,-100,-100,-100,-100,-100,-100,-100,-100,-100,-100,-100
2013-03-08,31.2,21.5,-100,1.2,-100,-100,-100,-100,-100,-100,-100,-100,-100,-100,-100,-100,-100
2013-04-04,24.5,23.0,-100,-100,-100,-100,-100,-100,-100,-100,-100,-100,-100,-100,-100,-100,-100
2013-04-05,30.4,27.1,2.1,1.5,1.1,0.5,1.6,-100,-100,-100,-100,-100,-100,-100,-100,-100,-100
2013-04-08,31.6,24.799999999999997,2.0,1.45,0.9,0.7,-100,-100,-100,-100,-100,-100,-100,-100,-100,-100,-100
2013-05-07,30.5,26.7,2.2,1.5,1.0,0.5,1.7,-100,-100,-100,-100,-100,-100,-100,-100,-100,-100
2013-05-08,28.7,24.4,-100,-100,-100,-100,-100,-100,-100,-100,-100,-100,-100,-100,-100,-100,-100
2013-05-09,22.5,20.2,-100,-100,-100,-100,-100,-100,-100,-100,-100,-100,-100,-100,-100,-100,-100
2013-05-10,32.3,23.85,1.5,1.2999999999999998,-100,-100,-100,-100,-100,-100,-100,-100,-100,-100,-100,-100,-100
2013-05-18,28.6,25.1,2.7,1.1,0.8,1.0,-100,-100,-100,-100,-100,-100,-100,-100,-100,-100,-100
2013-05-23,32.6,25.2,-100,-100,-100,-100,-100,-100,-100,-100,-100,-100,-100,-100,-100,-100,-100
2013-05-30,34.1,25.7,-100,-100,-100,-100,-100,-100,-100,-100,-100,-100,-100,-100,-100,-100,-100
2013-06-03,39.7,25.6,-100,-100,-100,-100,-100,-100,-100,-100,-100,-100,-100,-100,-100,-100,-100
2013-06-06,24.5,21.5,-100,-100,-100,-100,-100,-100,-100,-100,-100,-100,-100,-100,-100,-100,-100
2013-06-07,30.9,26.5,2.1,1.6,0.9,0.6,1.6,-100,-100,-100,-100,-100,-100,-100,-100,-100,-100
2013-06-11,31.9,21.2,-100,1.3,-100,-100,-100,-100,-100,-100,-100,-100,-100,-100,-100,-100,-100
2013-06-18,30.3,22.0,-100,-100,-100,-100,-100,-100,-100,-100,-100,-100,-100,-100,-100,-100,-100
2013-06-28,28.1,25.5,2.1,-100,-100,-100,-100,-100,-100,-100,-100,-100,-100,-100,-100,-100,-100
2013-07-04,23.0,21.6,-100,-100,-100,-100,-100,-100,-100,-100,-100,-100,-100,-100,-100,-100,-100
2013-07-05,31.7,27.0,2.2,1.6,0.9,0.7,1.4,-100,-100,-100,-100,-100,-100,-100,-100,-100,-100
2013-07-09,25.8,24.2,-100,1.5,-100,-100,-100,-100,-100,-100,-100,-100,-100,-100,-100,-100,-100
2013-07-10,32.5,27.2,2.3,1.4,0.5,0.7,-100,-100,-100,-100,-100,-100,-100,-100,-100,-100,-100
2013-07-18,30.7,27.8,1.6,1.4,-100,-100,-100,-100,-100,-100,-100,-100,-100,-100,-100,-100,-100
2013-07-25,34.7,27.5,-100,-100,-100,-100,-100,-100,-100,-100,-100,-100,-100,-100,-100,-100,-100
2013-07-31,30.65,26.05,2.2,1.5,0.9,0.7,1.4,-100,-100,-100,-100,-100,-100,-100,-100,-100,-100
2013-08-10,29.6,22.2,-100,1.1,-100,-100,-100,-100,-100,-100,-100,-100,-100,-100,-100,-100,-100
2013-08-30,28.4,20.9,-100,-100,-100,-100,-100,-100,-100,-100,-100,-100,-100,-100,-100,-100,-100
2013-09-05,30.1,30.5,-100,-100,-100,-100,-100,-100,-100,-100,-100,-100,-100,-100,-100,-100,-100
2013-09-06,34.4,26.5,2.2,1.35,0.9,0.8,1.2,-100,-100,-100,-100,-100,-100,-100,-100,-100,-100
2013-09-13,32.4,27.4,2.1,1.4,-100,-100,-100,-100,-100,-100,-100,-100,-100,-100,-100,-100,-100
2013-09-20,33.8,26.5,-100,-100,-100,-100,-100,-100,-100,-100,-100,-100,-100,-100,-100,-100,-100
2013-10-03,34.1,29.0,-100,-100,-100,-100,-100,-100,-100,-100,-100,-100,-100,-100,-100,-100,-100
2013-10-05,31.5,28.1,2.3,1.4,0.9,0.8,1.3,-100,-100,-100,-100,-100,-100,-100,-100,-100,-100
2013-10-07,27.5,21.6,-100,1.6,-100,-100,-100,-100,-100,-100,-100,-100,-100,-100,-100,-100,-100
2013-10-09,34.0,26.8,2.5,1.2,0.5,1.1,-100,-100,-100,-100,-100,-100,-100,-100,-100,-100,-100
2013-10-10,33.2,25.8,2.6,1.4,-100,-100,-100,-100,-100,-100,-100,-100,-100,-100,-100,-100,-100
2013-10-11,35.0,26.9,2.2,1.6,-100,-100,-100,-100,-100,-100,-100,-100,-100,-100,-100,-100,-100
2013-10-14,28.3,34.8,2.2,1.6,-100,-100,-100,-100,-100,-100,-100,-100,-100,-100,-100,-100,-100
2013-10-31,32.5,21.2,-100,-100,-100,-100,-100,-100,-100,-100,-100,-100,-100,-100,-100,-100,-100
2013-11-04,27.1,22.7,-100,-100,-100,-100,-100,-100,-100,-100,-100,-100,-100,-100,-100,-100,-100
2013-11-07,31.8,28.2,2.4,1.4,0.9,0.9,1.4,-100,-100,-100,-100,-100,-100,-100,-100,-100,-100
2013-11-13,30.9,21.7,-100,1.6,-100,-100,-100,-100,-100,-100,-100,-100,-100,-100,-100,-100,-100
2013-11-14,31.85,27.75,2.35,1.35,-100,-100,-100,-100,-100,-100,-100,-100,-100,-100,-100,-100,-100
2013-11-28,31.85,26.75,2.5,-100,-100,-100,4.0,-100,-100,-100,-100,-100,-100,-100,-100,-100,-100
2013-11-30,33.9,31.5,2.2,1.5,0.5,0.6,-100,-100,-100,-100,-100,-100,-100,-100,-100,-100,-100
2013-12-05,32.0,28.6,2.3,1.3,0.9,0.9,1.3,-100,-100,-100,-100,-100,-100,-100,-100,-100,-100
2013-12-10,30.7,22.8,-100,1.5,-100,-100,-100,-100,-100,-100,-100,-100,-100,-100,-100,-100,-100
2013-12-28,33.3,24.4,2.6,1.6,-100,-100,-100,-100,-100,-100,-100,-100,-100,-100,-100,-100,-100
2014-01-07,32.1,28.8,2.2,1.3,0.9,0.9,1.3,-100,-100,-100,-100,-100,-100,-100,-100,-100,-100
2014-01-09,32.0,33.5,-100,-100,-100,-100,-100,-100,-100,-100,-100,-100,-100,-100,-100,-100,-100
2014-01-10,28.1,22.0,-100,1.9,-100,-100,-100,-100,-100,-100,-100,-100,-100,-100,-100,-100,-100
2014-01-15,32.1,26.6,2.5,1.5,1.0,0.7,-100,-100,-100,-100,-100,-100,-100,-100,-100,-100,-100
2014-01-23,28.6,24.9,2.1,-100,-100,-100,4.1,-100,-100,-100,-100,-100,-100,-100,-100,-100,-100
2014-02-06,31.200000000000003,30.2,2.1,1.2,0.8,0.9,1.4,-100,-100,-100,-100,-100,-100,-100,-100,-100,-100
2014-02-10,29.6,20.3,-100,1.0,-100,-100,-100,-100,-100,-100,-100,-100,-100,-100,-100,-100,-100
2014-02-13,32.3,26.3,2.1,1.3,-100,-100,0.9,-100,-100,-100,-100,-100,-100,-100,-100,-100,-100
2014-02-19,27.5,23.2,-100,-100,-100,-100,-100,-100,-100,-100,-100,-100,-100,-100,-100,-100,-100
2014-03-01,32.6,26.7,2.3,1.6,1.3,0.7,-100,-100,-100,-100,-100,-100,-100,-100,-100,-100,-100
2014-03-04,31.5,32.0,-100,-100,-100,-100,-100,-100,-100,-100,-100,-100,-100,-100,-100,-100,-100
2014-03-06,32.0,28.9,2.0,1.4,1.0,1.0,1.4,0.4,-100,-100,-100,-100,-100,-100,-100,-100,-100
2014-03-07,29.3,22.8,-100,1.2,-100,-100,-100,-100,-100,-100,-100,-100,-100,-100,-100,-100,-100
2014-03-14,33.3,27.8,-100,-100,-100,-100,-100,-100,-100,-100,-100,-100,-100,-100,-100,-100,-100
2014-04-01,31.8,32.3,-100,-100,-100,-100,-100,-100,-100,-100,-100,-100,-100,-100,-100,-100,-100
2014-04-05,32.3,28.9,1.9,1.4,0.9,0.9,1.4,0.4,-100,-100,-100,-100,-100,-100,-100,-100,-100
2014-04-07,31.9,26.2,2.5,1.1,0.4,0.6,-100,-100,-100,-100,-100,-100,-100,-100,-100,-100,-100
2014-04-09,28.4,23.8,-100,1.4,-100,-100,-100,-100,-100,-100,-100,-100,-100,-100,-100,-100,-100
2014-04-15,33.1,30.2,-100,-100,-100,-100,2.3,1.1,1.2,-100,-100,-100,-100,-100,-100,-100,-100
2014-05-08,33.65,28.05,2.1,1.35,0.8,0.8,2.0,0.5,1.8,-100,-100,-100,-100,-100,-100,-100,-100
2014-05-15,33.8,25.7,-100,-100,-100,-100,2.9,1.3,3.1,-100,-100,-100,-100,-100,-100,-100,-100
2014-05-31,25.6,19.4,3.3,-100,-100,-100,3.5,-100,15.1,-100,-100,-100,-100,-100,-100,-100,-100
2014-06-06,32.4,22.3,1.9,1.1,0.6,0.6,3.7,0.7,13.9,-100,-100,-100,-100,-100,-100,-100,-100
2014-06-11,34.6,21.9,-100,-100,-100,-100,-100,-100,16.3,-100,-100,-100,-100,-100,-100,-100,-100
2014-06-14,28.8,14.7,-100,1.6,-100,-100,-100,-100,26.7,-100,-100,-100,-100,-100,-100,-100,-100
2014-07-05,33.5,23.2,1.7,1.1,0.6,0.6,3.7,0.8,14.1,-100,-100,-100,-100,-100,-100,-100,-100
2014-07-08,29.0,15.1,-100,1.6,-100,-100,-100,-100,27.1,-100,-100,-100,-100,-100,-100,-100,-100
2014-07-09,30.0,21.2,3.3,1.0,0.3,0.5,0.9,-100,15.3,-100,-100,-100,-100,-100,-100,-100,-100
2014-07-24,33.05,27.9,1.8,1.1,0.6,0.7,3.7,0.7,12.2,-100,-100,-100,-100,-100,-100,-100,-100
2014-08-08,29.4,16.7,-100,0.8,-100,-100,-100,-100,28.4,-100,-100,-100,-100,-100,-100,-100,-100
2014-08-28,30.1,22.3,3.3,1.0,-100,-100,-100,-100,21.2,-100,-100,-100,-100,-100,-100,-100,-100
2014-08-30,33.9,23.4,2.2,1.3,1.0,0.6,2.6,0.8,15.0,-100,-100,-100,-100,-100,-100,-100,-100
2014-09-05,33.1,24.5,2.0,1.0,0.6,0.6,3.7,0.6,16.1,-100,-100,-100,-100,-100,-100,-100,-100
2014-09-12,34.2,23.3,-100,-100,-100,-100,-100,-100,16.5,-100,-100,-100,-100,-100,-100,-100,-100
2014-09-30,30.2,30.9,-100,-100,-100,-100,-100,-100,13.8,-100,-100,-100,-100,-100,-100,-100,-100
2014-10-07,32.6,25.4,1.9,1.0,0.6,0.6,3.6,0.5,17.1,-100,-100,-100,-100,-100,-100,-100,-100
2014-10-13,27.5,23.9,2.3,1.0,0.3,0.4,2.1,-100,22.5,-100,-100,-100,-100,-100,-100,-100,-100
2014-10-16,28.3,23.7,2.6,1.2,-100,-100,1.8,-100,24.1,-100,-100,-100,-100,-100,-100,-100,-100
2014-10-25,29.5,23.9,-100,-100,-100,-100,-100,-100,19.0,-100,-100,-100,-100,-100,-100,-100,-100
2014-10-29,20.7,26.2,-100,-100,-100,-100,-100,-100,27.7,-100,-100,-100,-100,-100,-100,-100,-100
2014-11-06,26.9,19.5,-100,-100,-100,-100,5.6,-100,26.3,-100,-100,-100,-100,-100,-100,-100,-100
2014-11-07,30.5,24.5,2.2,1.0,0.6,0.6,4.0,0.5,21.6,-100,-100,-100,-100,-100,-100,-100,-100
2014-11-12,25.0,18.2,-100,0.7,-100,-100,-100,-100,31.1,-100,-100,-100,-100,-100,-100,-100,-100
2014-11-19,26.3,20.1,2.8,1.1,-100,-100,2.5,-100,28.3,-100,-100,-100,-100,-100,-100,-100,-100
2014-12-03,20.0,27.7,-100,-100,-100,-100,-100,-100,25.0,-100,-100,-100,-100,-100,-100,-100,-100
2014-12-04,26.5,19.6,2.6,1.0,-100,-100,2.4,-100,29.1,-100,-100,-100,-100,-100,-100,-100,-100
2014-12-05,29.9,24.1,2.1,1.0,0.6,0.6,3.9,0.5,21.7,-100,-100,-100,-100,-100,-100,-100,-100
2014-12-10,23.1,19.3,-100,0.3,-100,-100,-100,-100,31.1,-100,-100,-100,-100,-100,-100,-100,-100
2014-12-15,26.1,19.8,2.2,-100,-100,-100,3.8,-100,25.6,-100,-100,-100,-100,-100,-100,-100,-100
2014-12-18,26.5,18.7,2.8,1.1,-100,-100,3.1,-100,28.7,-100,-100,-100,-100,-100,-100,-100,-100
2014-12-19,25.5,22.0,-100,-100,-100,-100,3.1,-100,25.3,-100,-100,-100,-100,-100,-100,-100,-100
2014-12-30,28.6,23.4,2.0,1.3,-100,-100,2.8,-100,23.2,-100,-100,-100,-100,-100,-100,-100,-100
2015-01-06,24.6,19.0,2.4,-100,-100,-100,5.0,-100,27.5,-100,-100,-100,-100,-100,-100,-100,-100
2015-01-08,19.2,23.5,-100,-100,-100,-100,8.1,-100,28.2,-100,-100,-100,-100,-100,-100,-100,-100
2015-01-09,31.1,23.8,2.0,1.0,0.5,0.6,4.5,0.5,20.9,-100,-100,-100,-100,-100,-100,-100,-100
2015-01-12,27.3,22.2,1.6,0.7,0.5,0.5,3.1,-100,23.9,-100,-100,-100,-100,-100,-100,-100,-100
2015-01-14,26.95,19.0,2.7,0.75,-100,-100,5.199999999999999,-100,28.5,-100,-100,-100,-100,-100,-100,-100,-100
2015-01-16,29.3,19.2,1.8,1.3,-100,-100,6.3,-100,21.1,-100,-100,-100,-100,-100,-100,-100,-100
2015-01-29,27.1,21.4,2.4,-100,-100,-100,5.0,-100,26.3,-100,-100,-100,-100,-100,-100,-100,-100
2015-02-04,20.9,18.3,-100,-100,-100,-100,12.2,-100,27.7,-100,-100,-100,-100,-100,-100,-100,-100
2015-02-06,28.950000000000003,22.25,2.0,1.0,0.6,0.7,5.0,0.4,22.15,-100,-100,-100,-100,-100,-100,-100,-100
2015-02-09,26.8,17.8,-100,1.0,-100,-100,8.5,-100,29.6,-100,-100,-100,-100,-100,-100,-100,-100
2015-02-11,22.5,19.5,-100,-100,-100,-100,13.4,-100,24.6,-100,-100,-100,-100,-100,-100,-100,-100
2015-02-12,29.6,20.1,2.4,1.2,-100,-100,7.3,-100,25.8,-100,-100,-100,-100,-100,-100,-100,-100
2015-02-26,25.5,19.9,2.2,1.3,-100,-100,10.1,-100,25.4,-100,-100,-100,-100,-100,-100,-100,-100
2015-03-04,18.6,20.2,-100,-100,-100,-100,18.4,-100,22.5,-100,-100,-100,-100,-100,-100,-100,-100
2015-03-06,30.9,26.4,1.9,1.0,0.7,0.8,11.7,0.5,12.2,-100,-100,-100,-100,-100,-100,-100,-100
2015-03-09,22.0,19.1,-100,-100,-100,-100,18.8,-100,23.4,-100,-100,-100,-100,-100,-100,-100,-100
2015-03-13,23.0,18.7,-100,1.3,-100,-100,18.0,-100,21.0,-100,-100,-100,-100,-100,-100,-100,-100
2015-03-26,23.7,23.6,2.1,1.2,-100,-100,14.7,-100,21.7,-100,-100,-100,-100,-100,-100,-100,-100
2015-03-27,26.4,20.3,-100,-100,-100,-100,14.8,-100,20.8,-100,-100,-100,-100,-100,-100,-100,-100
2015-04-02,29.7,23.5,-100,1.2,0.4,0.4,-100,-100,14.1,-100,-100,-100,-100,-100,-100,-100,-100
2015-04-08,29.5,26.6,1.8,1.1,0.7,0.8,12.1,0.6,12.8,-100,-100,-100,-100,-100,-100,-100,-100
2015-04-09,23.700000000000003,20.799999999999997,2.3,1.2,-100,-100,18.0,-100,21.5,-100,-100,-100,-100,-100,-100,-100,-100
2015-04-12,25.6,24.3,2.0,0.7,0.5,0.6,13.8,-100,16.5,-100,-100,-100,-100,-100,-100,-100,-100
2015-04-13,22.4,20.1,1.9,1.3,-100,-100,19.25,-100,20.700000000000003,-100,-100,-100,-100,-100,-100,-100,-100
2015-04-20,22.9,24.0,3.0,1.0,-100,-100,15.8,-100,21.2,-100,-100,-100,-100,-100,-100,-100,-100
2015-04-22,22.0,21.0,-100,-100,-100,-100,19.4,-100,17.9,-100,-100,-100,-100,-100,-100,-100,-100
2015-04-25,28.6,23.8,-100,-100,-100,-100,12.0,-100,12.9,-100,-100,-100,-100,-100,-100,-100,-100
2015-05-08,29.2,26.6,1.8,1.1,0.6,0.7,12.1,0.6,12.9,-100,-100,-100,-100,-100,-100,-100,-100
2015-05-12,24.45,21.75,2.6,1.3,0.5,1.1,16.9,-100,19.65,-100,-100,-100,-100,-100,-100,-100,-100
2015-05-29,25.4,22.0,2.8,1.4,-100,-100,15.2,-100,21.9,-100,-100,-100,-100,-100,-100,-100,-100
2015-06-02,24.5,23.0,-100,-100,-100,-100,13.0,-100,21.5,-100,-100,-100,-100,-100,-100,-100,-100
2015-06-05,30.1,27.2,1.9,1.1,0.4,0.7,10.5,0.7,13.2,-100,-100,-100,-100,-100,-100,-100,-100
2015-06-06,29.7,24.2,1.9,1.3,0.3,0.5,11.6,-100,12.1,-100,-100,-100,-100,-100,-100,-100,-100
2015-06-10,23.8,19.4,-100,1.3,-100,-100,17.3,-100,23.3,-100,-100,-100,-100,-100,-100,-100,-100
2015-06-14,23.8,21.1,-100,-100,-100,-100,15.5,-100,19.2,-100,-100,-100,-100,-100,-100,-100,-100
2015-06-17,27.0,26.1,2.5,1.5,-100,-100,10.3,-100,20.2,-100,-100,-100,-100,-100,-100,-100,-100
2015-06-23,25.7,25.2,2.2,1.6,0.6,0.9,9.8,-100,21.4,-100,-100,-100,-100,-100,-100,-100,-100
2015-06-26,27.549999999999997,23.7,2.1500000000000004,1.2999999999999998,0.7,0.4,12.5,-100,21.6,-100,-100,-100,-100,-100,-100,-100,-100
2015-06-27,31.2,24.4,1.8,1.2,0.3,0.5,11.6,-100,12.5,-100,-100,-100,-100,-100,-100,-100,-100
2015-07-02,23.0,22.5,-100,-100,-100,-100,15.0,-100,21.5,-100,-100,-100,-100,-100,-100,-100,-100
2015-07-07,30.7,27.4,1.7,1.1,0.4,0.7,10.2,0.6,13.3,-100,-100,-100,-100,-100,-100,-100,-100
2015-07-08,29.1,25.5,2.3,1.2,0.6,0.6,12.1,-100,15.0,-100,-100,-100,-100,-100,-100,-100,-100
2015-07-09,27.2,24.0,2.1,1.15,0.4,0.7,14.75,-100,15.3,-100,-100,-100,-100,-100,-100,-100,-100
2015-07-10,27.7,23.3,2.8,1.4,-100,-100,11.5,-100,21.9,-100,-100,-100,-100,-100,-100,-100,-100
2015-07-12,26.1,22.2,-100,-100,-100,-100,13.6,-100,19.1,-100,-100,-100,-100,-100,-100,-100,-100
2015-07-16,31.7,24.8,-100,-100,-100,-100,11.0,-100,12.3,-100,-100,-100,-100,-100,-100,-100,-100
2015-07-19,27.1,22.6,-100,-100,-100,-100,13.5,-100,18.6,-100,-100,-100,-100,-100,-100,-100,-100
2015-07-20,26.0,25.4,2.4,1.8,0.5,0.9,9.2,-100,21.1,-100,-100,-100,-100,-100,-100,-100,-100
2015-07-22,23.1,23.5,-100,-100,-100,-100,16.0,-100,18.1,-100,-100,-100,-100,-100,-100,-100,-100
2015-07-23,28.8,24.2,2.1,1.3,-100,-100,11.1,-100,20.3,-100,-100,-100,-100,-100,-100,-100,-100
2015-07-24,30.5,25.1,-100,-100,-100,-100,10.6,-100,19.3,-100,-100,-100,-100,-100,-100,-100,-100
2015-07-26,26.8,23.0,-100,-100,-100,-100,13.7,-100,17.6,-100,-100,-100,-100,-100,-100,-100,-100
2015-08-02,25.7,22.9,-100,-100,-100,-100,13.6,-100,16.9,-100,-100,-100,-100,-100,-100,-100,-100
2015-08-07,31.4,27.6,1.6,1.1,0.4,0.7,9.9,0.6,11.9,-100,-100,-100,-100,-100,-100,-100,-100
2015-08-09,26.4,22.4,-100,-100,-100,-100,13.4,-100,16.8,-100,-100,-100,-100,-100,-100,-100,-100
2015-08-11,29.9,21.4,-100,1.0,-100,-100,17.1,-100,16.5,-100,-100,-100,-100,-100,-100,-100,-100
2015-08-16,27.0,22.9,-100,-100,-100,-100,12.9,-100,16.5,-100,-100,-100,-100,-100,-100,-100,-100
2015-08-23,27.4,24.3,1.9,1.6,-100,-100,10.899999999999999,-100,17.85,-100,-100,-100,-100,-100,-100,-100,-100
2015-08-27,28.3,25.9,-100,-100,-100,-100,11.3,-100,15.4,-100,-100,-100,-100,-100,-100,-100,-100
2015-08-29,32.1,24.9,1.7,1.3,0.4,0.6,10.4,-100,12.1,-100,-100,-100,-100,-100,-100,-100,-100
2015-08-30,28.5,22.8,-100,-100,-100,-100,12.3,-100,16.2,-100,-100,-100,-100,-100,-100,-100,-100
2015-09-05,31.5,22.7,1.6,1.1,0.3,0.5,11.8,-100,16.3,-100,-100,-100,-100,-100,-100,-100,-100
2015-09-06,28.6,22.5,-100,-100,-100,-100,12.7,-100,16.0,-100,-100,-100,-100,-100,-100,-100,-100
2015-09-07,32.0,27.4,1.6,1.3,0.4,0.8,10.0,0.5,12.2,-100,-100,-100,-100,-100,-100,-100,-100
2015-09-11,27.549999999999997,25.1,-100,-100,-100,-100,13.3,-100,18.4,-100,-100,-100,-100,-100,-100,-100,-100
2015-09-13,29.0,22.0,-100,-100,-100,-100,13.2,-100,16.5,-100,-100,-100,-100,-100,-100,-100,-100
2015-09-20,28.6,22.5,-100,-100,-100,-100,13.7,-100,16.2,-100,-100,-100,-100,-100,-100,-100,-100
2015-09-24,26.2,26.1,2.1,1.5,-100,-100,11.0,-100,17.9,-100,-100,-100,-100,-100,-100,-100,-100
2015-09-27,27.9,23.0,-100,-100,-100,-100,14.0,-100,15.9,-100,-100,-100,-100,-100,-100,-100,-100
2015-10-02,32.099999999999994,25.65,2.0,1.2,0.4,0.6,12.0,-100,13.95,-100,-100,-100,-100,-100,-100,-100,-100
2015-10-04,27.0,21.9,-100,-100,-100,-100,16.5,-100,14.8,-100,-100,-100,-100,-100,-100,-100,-100
2015-10-07,28.9,27.1,1.5,1.3,0.4,0.7,16.2,0.5,10.1,-100,-100,-100,-100,-100,-100,-100,-100
2015-10-08,23.4,23.5,-100,-100,-100,-100,21.5,-100,14.1,-100,-100,-100,-100,-100,-100,-100,-100
2015-10-09,28.0,20.3,-100,0.3,-100,-100,22.6,-100,11.9,-100,-100,-100,-100,-100,-100,-100,-100
2015-10-11,26.9,21.0,-100,-100,-100,-100,-100,-100,14.2,-100,-100,-100,-100,-100,-100,-100,-100
2015-10-12,29.1,25.3,-100,0.7,0.6,0.5,-100,-100,10.8,-100,-100,-100,-100,-100,-100,-100,-100
2015-10-15,27.4,23.7,2.0,1.5,-100,-100,-100,-100,16.3,-100,-100,-100,-100,-100,-100,-100,-100
2015-10-17,31.3,24.9,-100,1.3,0.4,0.6,15.4,0.4,10.3,-100,-100,-100,-100,-100,-100,-100,-100
2015-10-18,26.7,21.3,-100,-100,-100,-100,18.1,-100,14.3,-100,-100,-100,-100,-100,-100,-100,-100
2015-10-19,27.7,21.8,2.5,1.6,0.5,0.6,17.6,-100,14.1,-100,-100,-100,-100,-100,-100,-100,-100
2015-10-22,29.5,24.1,1.6,1.3,-100,-100,16.6,-100,13.7,-100,-100,-100,-100,-100,-100,-100,-100
2015-10-25,26.0,20.5,-100,-100,-100,-100,19.2,-100,14.6,-100,-100,-100,-100,-100,-100,-100,-100
2015-10-26,25.599999999999998,22.03333333333333,2.0,1.4,-100,-100,18.033333333333335,-100,14.700000000000001,-100,-100,-100,-100,-100,-100,-100,-100
2015-10-28,23.5,21.0,-100,-100,-100,-100,22.5,-100,17.0,-100,-100,-100,-100,-100,-100,-100,-100
2015-10-29,27.8,22.1,2.6,1.6,0.5,0.6,17.5,-100,13.9,-100,-100,-100,-100,-100,-100,-100,-100
2015-11-01,26.7,19.3,-100,-100,-100,-100,19.8,-100,15.4,-100,-100,-100,-100,-100,-100,-100,-100
2015-11-04,28.1,22.4,2.5,1.6,0.5,0.5,17.7,-100,13.2,-100,-100,-100,-100,-100,-100,-100,-100
2015-11-06,27.7,23.15,-100,1.3,0.4,0.7,21.1,0.7,12.100000000000001,-100,-100,-100,-100,-100,-100,-100,-100
2015-11-08,26.85,19.950000000000003,3.1,1.0,0.2,0.4,19.1,0.3,15.0,-100,-100,-100,-100,-100,-100,-100,-100
2015-11-09,29.4,19.3,1.6,1.1,0.3,0.3,20.9,-100,15.2,-100,-100,-100,-100,-100,-100,-100,-100
2015-11-12,27.9,22.1,2.5,1.6,0.4,0.4,-100,-100,13.7,-100,-100,-100,-100,-100,-100,-100,-100
2015-11-13,27.1,23.8,1.7,1.3,0.4,0.5,19.5,0.7,14.6,-100,-100,-100,-100,-100,-100,-100,-100
2015-11-15,26.4,20.5,-100,-100,-100,-100,20.4,-100,14.2,-100,-100,-100,-100,-100,-100,-100,-100
2015-11-16,27.55,20.6,1.9,1.0,0.3,0.3,20.45,-100,16.299999999999997,-100,-100,-100,-100,-100,-100,-100,-100
2015-11-17,26.2,25.7,-100,1.5,-100,-100,15.0,-100,15.4,-100,-100,-100,-100,-100,-100,-100,-100
2015-11-19,28.5,22.8,2.6,1.5,0.3,0.2,16.4,-100,15.6,-100,-100,-100,-100,-100,-100,-100,-100
2015-11-20,27.5,23.9,-100,1.2,0.4,0.5,18.9,0.7,15.1,-100,-100,-100,-100,-100,-100,-100,-100
2015-11-22,27.4,20.6,-100,-100,-100,-100,21.3,-100,14.3,-100,-100,-100,-100,-100,-100,-100,-100
2015-11-24,26.6,25.4,2.1,1.4,0.4,0.6,15.1,-100,16.0,-100,-100,-100,-100,-100,-100,-100,-100
2015-11-25,22.7,22.5,-100,-100,-100,-100,22.6,-100,17.1,-100,-100,-100,-100,-100,-100,-100,-100
2015-11-26,27.900000000000002,21.5,2.2666666666666666,1.2666666666666668,0.4,0.2,20.099999999999998,-100,15.533333333333331,-100,-100,-100,-100,-100,-100,-100,-100
2015-11-27,28.96666666666667,22.600000000000005,1.95,1.2,0.4,0.4,18.0,0.55,15.066666666666668,-100,-100,-100,-100,-100,-100,-100,-100
2015-11-28,23.9,21.4,2.7,-100,-100,-100,21.0,-100,16.0,-100,-100,-100,-100,-100,-100,-100,-100
2015-11-29,27.1,20.0,-100,-100,-100,-100,21.6,-100,15.5,-100,-100,-100,-100,-100,-100,-100,-100
2015-12-01,27.3,23.35,2.1500000000000004,1.35,0.45,0.6,18.0,-100,15.8,-100,-100,-100,-100,-100,-100,-100,-100
2015-12-03,27.85,20.45,2.1,1.25,0.4,0.2,19.75,-100,16.9,-100,-100,-100,-100,-100,-100,-100,-100
2015-12-04,28.474999999999998,21.549999999999997,1.9666666666666668,1.25,0.26666666666666666,0.35,19.566666666666666,0.5,16.275,-100,-100,-100,-100,-100,-100,-100,-100
2015-12-06,27.9,20.4,-100,-100,-100,-100,21.9,-100,15.1,-100,-100,-100,-100,-100,-100,-100,-100
2015-12-07,26.7,24.9,2.2,1.5,-100,-100,16.2,-100,16.4,-100,-100,-100,-100,-100,-100,-100,-100
2015-12-09,27.175,19.95,1.9,1.2999999999999998,0.4,-100,20.53333333333333,-100,17.775,-100,-100,-100,-100,-100,-100,-100,-100
2015-12-10,26.5,20.75,-100,1.1,0.3,0.4,18.2,-100,17.65,-100,-100,-100,-100,-100,-100,-100,-100
2015-12-11,27.74,20.9,2.1,1.075,0.3,0.35,19.46,0.6,17.56,-100,-100,-100,-100,-100,-100,-100,-100
2015-12-12,27.549999999999997,21.4,2.0,1.0,0.3,0.4,17.9,0.4,17.35,-100,-100,-100,-100,-100,-100,-100,-100
2015-12-13,28.9,18.9,-100,-100,-100,-100,20.0,-100,17.3,-100,-100,-100,-100,-100,-100,-100,-100
2015-12-14,26.666666666666668,21.733333333333334,2.566666666666667,1.3,0.45,0.5,17.033333333333335,-100,18.8,-100,-100,-100,-100,-100,-100,-100,-100
2016-01-11,30.1,22.0,2.55,1.25,-100,-100,12.55,-100,22.4,0.95,-100,-100,-100,-100,-100,-100,-100
2016-01-12,30.0,20.4,-100,-100,-100,-100,14.7,-100,21.3,-100,-100,-100,-100,-100,-100,-100,-100
2016-01-14,30.7,21.75,-100,-100,-100,-100,14.9,-100,21.5,-100,-100,-100,-100,-100,-100,-100,-100
2016-01-15,31.3,22.066666666666663,2.5,1.1,0.3,0.3,12.299999999999999,-100,21.400000000000002,0.8500000000000001,1.0,-100,-100,-100,-100,-100,-100
2016-01-19,28.0,21.3,-100,-100,-100,-100,14.4,-100,20.3,-100,-100,-100,-100,-100,-100,-100,-100
2016-01-21,30.4,21.200000000000003,2.4,1.15,0.3,-100,12.7,-100,20.95,0.9500000000000001,-100,-100,-100,-100,-100,-100,-100
2016-01-25,29.8,19.4,-100,-100,-100,-100,10.3,-100,25.6,-100,-100,-100,-100,-100,-100,-100,-100
2016-02-04,24.0,23.3,-100,-100,-100,-100,18.5,-100,19.9,-100,-100,-100,-100,-100,-100,-100,-100
2016-02-05,27.7,22.049999999999997,2.7,1.2,0.4,0.3,17.0,-100,20.35,0.8,1.0,-100,-100,-100,-100,-100,-100
2016-02-11,27.9,20.8,2.6,1.4,0.3,-100,14.9,-100,21.4,0.7,-100,-100,-100,-100,-100,-100,-100
2016-02-16,27.1,22.3,2.4,1.2,-100,-100,14.9,-100,22.3,0.7,-100,-100,-100,-100,-100,-100,-100
2016-02-17,27.7,24.2,2.5,1.1,0.3,-100,13.9,-100,20.5,0.9,-100,-100,-100,-100,-100,-100,-100
2016-02-18,28.35,22.25,2.45,1.15,0.3,-100,14.75,-100,19.950000000000003,0.8,-100,-100,-100,-100,-100,-100,-100
2016-02-23,25.6,22.1,-100,-100,-100,-100,17.6,-100,19.8,-100,-100,-100,-100,-100,-100,-100,-100
2016-02-26,26.8,20.3,-100,-100,-100,-100,15.8,-100,22.1,-100,-100,-100,-100,-100,-100,-100,-100
2016-03-04,29.2,21.8,2.4,1.2,0.4,-100,14.9,-100,20.2,0.8,-100,-100,-100,-100,-100,-100,-100
2016-03-05,28.6,22.6,2.5,1.1,0.3,0.2,15.7,-100,19.6,0.8,1.0,-100,-100,-100,-100,-100,-100
2016-03-08,26.4,21.9,2.4,-100,-100,-100,17.8,-100,18.1,-100,-100,-100,-100,-100,-100,-100,-100
2016-03-09,26.933333333333337,22.233333333333334,2.5,1.2,0.3,-100,17.400000000000002,-100,18.066666666666666,0.8,-100,-100,-100,-100,-100,-100,-100
2016-03-10,28.2,24.2,2.9,1.2,0.3,-100,14.1,-100,18.7,0.7,-100,-100,-100,-100,-100,-100,-100
2016-03-11,29.3,22.0,2.4,1.2,0.3,-100,15.1,-100,19.8,0.8,-100,-100,-100,-100,-100,-100,-100
2016-03-14,27.0,20.9,-100,-100,-100,-100,18.0,-100,15.9,-100,-100,-100,-100,-100,-100,-100,-100
2016-03-17,29.3,22.1,2.3,1.2,0.4,-100,15.1,-100,19.5,0.8,-100,-100,-100,-100,-100,-100,-100
2016-03-20,30.1,23.2,2.6,1.2,0.3,-100,14.2,-100,19.6,0.6,-100,-100,-100,-100,-100,-100,-100
2016-03-27,29.8,22.4,2.5,1.3,0.3,-100,15.5,-100,22.3,0.7,-100,-100,-100,-100,-100,-100,-100
2016-03-30,27.6,20.15,-100,-100,-100,-100,17.85,-100,16.6,-100,-100,-100,-100,-100,-100,-100,-100
2016-03-31,30.2,22.0,2.3,1.1,-100,-100,16.2,-100,16.7,-100,-100,-100,-100,-100,-100,-100,-100
2016-04-01,28.6,21.6,-100,-100,-100,-100,15.2,-100,19.9,-100,-100,-100,-100,-100,-100,-100,-100
2016-04-02,29.8,22.1,2.5,1.3,0.3,-100,15.8,-100,22.1,0.7,-100,-100,-100,-100,-100,-100,-100
2016-04-04,29.1,21.8,2.4,1.3,0.3,-100,15.7,-100,24.0,0.7,-100,-100,-100,-100,-100,-100,-100
2016-04-05,29.1,22.2,2.7,1.1,0.3,0.2,15.9,-100,19.4,0.7,1.0,-100,-100,-100,-100,-100,-100
2016-04-06,29.1,20.4,-100,-100,-100,-100,16.45,-100,20.200000000000003,-100,-100,-100,-100,-100,-100,-100,-100
2016-04-07,29.2,23.3,2.3,1.1,0.2,-100,14.4,-100,15.5,0.8,-100,-100,-100,-100,-100,-100,-100
2016-04-09,30.0,21.4,2.4,1.3,0.3,-100,15.8,-100,23.1,0.7,-100,-100,-100,-100,-100,-100,-100
2016-04-10,28.433333333333334,21.833333333333332,2.3333333333333335,1.1,0.4,-100,16.066666666666666,-100,18.7,0.7,-100,-100,-100,-100,-100,-100,-100
2016-04-12,28.3,20.6,-100,-100,-100,-100,17.7,-100,16.9,-100,-100,-100,-100,-100,-100,-100,-100
2016-04-14,30.049999999999997,21.75,-100,-100,-100,-100,15.15,-100,19.7,-100,-100,-100,-100,-100,-100,-100,-100
2016-04-16,30.1,21.0,2.3,1.2,0.3,-100,15.6,-100,23.7,0.7,-100,-100,-100,-100,-100,-100,-100
2016-04-20,30.3,23.0,2.6,1.1,0.3,-100,14.2,-100,19.4,0.6,-100,-100,-100,-100,-100,-100,-100
2016-04-22,28.55,21.549999999999997,2.6,1.1,-100,-100,16.1,-100,20.1,-100,-100,-100,-100,-100,-100,-100,-100
2016-04-23,30.2,20.9,2.3,1.2,0.3,-100,15.5,-100,24.1,0.8,-100,-100,-100,-100,-100,-100,-100
2016-04-28,29.0,20.3,-100,-100,-100,-100,16.9,-100,22.3,-100,-100,-100,-100,-100,-100,-100,-100
2016-04-29,29.2,21.299999999999997,2.2,1.3,0.4,-100,14.7,-100,20.799999999999997,0.9,-100,-100,-100,-100,-100,-100,-100
2016-04-30,30.1,20.7,2.0,1.3,0.3,-100,15.3,-100,24.5,0.8,-100,-100,-100,-100,-100,-100,-100
2016-05-02,30.0,22.8,2.4,1.2,0.3,0.3,14.1,-100,23.9,0.6,-100,-100,-100,-100,-100,-100,-100
2016-05-06,29.2,22.4,2.4,1.2,0.3,0.2,15.5,-100,24.2,0.9,1.0,-100,-100,-100,-100,-100,-100
2016-05-07,30.2,20.8,2.1,1.2,0.3,-100,15.0,-100,24.7,0.8,-100,-100,-100,-100,-100,-100,-100
2016-05-10,29.9,21.5,-100,-100,-100,-100,17.7,-100,14.2,-100,-100,-100,-100,-100,-100,-100,-100
2016-05-12,30.2,21.0,2.2,1.1,0.3,-100,14.7,-100,24.9,0.9,-100,-100,-100,-100,-100,-100,-100
2016-05-13,30.8,19.7,-100,-100,-100,-100,14.7,-100,23.7,-100,-100,-100,-100,-100,-100,-100,-100
2016-05-17,29.4,21.2,2.2,1.1,0.3,-100,15.1,-100,24.3,0.9,-100,-100,-100,-100,-100,-100,-100
2016-05-18,28.85,21.0,2.5,1.2,0.3,-100,14.85,-100,23.6,0.8,-100,-100,-100,-100,-100,-100,-100
2016-05-20,29.95,21.55,2.3,1.15,0.3,0.2,14.7,-100,24.549999999999997,0.8500000000000001,1.1,-100,-100,-100,-100,-100,-100
2016-05-22,29.75,22.049999999999997,2.4,1.15,0.25,0.2,14.25,-100,24.4,0.75,-100,-100,-100,-100,-100,-100,-100
2016-05-24,29.2,20.7,-100,-100,-100,-100,14.2,-100,24.8,-100,-100,-100,-100,-100,-100,-100,-100
2016-05-25,29.8,20.4,-100,-100,-100,-100,14.7,-100,24.4,-100,-100,-100,-100,-100,-100,-100,-100
2016-05-26,29.6,21.6,2.4,1.2,0.3,-100,14.8,-100,22.5,0.9,-100,-100,-100,-100,-100,-100,-100
2016-05-27,30.5,21.3,2.2,1.1,0.3,-100,14.2,-100,24.7,0.8,-100,-100,-100,-100,-100,-100,-100
2016-06-01,28.2,22.0,-100,-100,-100,-100,15.55,-100,24.0,-100,-100,-100,-100,-100,-100,-100,-100
2016-06-02,31.0,20.3,2.6,1.3,-100,-100,14.0,-100,23.7,-100,-100,-100,-100,-100,-100,-100,-100
2016-06-03,29.1,21.5,2.3,1.1,0.3,-100,14.65,-100,24.4,0.8,-100,-100,-100,-100,-100,-100,-100
2016-06-05,30.4,21.9,2.3,1.3,0.2,0.2,13.6,-100,23.6,0.7,-100,-100,-100,-100,-100,-100,-100
2016-06-07,28.799999999999997,21.65,2.3499999999999996,1.2,0.3,0.2,14.9,-100,24.45,0.9,1.0,-100,-100,-100,-100,-100,-100
2016-06-08,28.9,20.8,-100,-100,-100,-100,15.9,-100,25.4,-100,-100,-100,-100,-100,-100,-100,-100
2016-06-09,29.5,21.4,2.4,1.05,0.3,-100,13.9,-100,25.200000000000003,0.9,-100,-100,-100,-100,-100,-100,-100
2016-06-10,29.700000000000003,21.73333333333333,2.3,1.1,0.3,-100,14.299999999999999,-100,24.633333333333336,0.8,-100,-100,-100,-100,-100,-100,-100
2016-06-12,29.0,21.3,-100,-100,-100,-100,15.6,-100,24.5,-100,-100,-100,-100,-100,-100,-100,-100
2016-06-13,28.0,21.0,-100,-100,-100,-100,14.9,-100,24.9,-100,-100,-100,-100,-100,-100,-100,-100
2016-06-14,28.933333333333334,21.400000000000002,2.3,1.15,0.3,0.2,14.766666666666666,-100,24.73333333333333,0.8500000000000001,1.0,-100,-100,-100,-100,-100,-100
2016-06-15,29.02,21.06,-100,-100,-100,-100,15.059999999999999,-100,24.8,-100,-100,-100,-100,-100,-100,-100,-100
2016-06-16,29.72,20.880000000000003,2.3666666666666667,1.2,0.3,0.2,14.379999999999999,-100,24.68,0.8,0.8,-100,-100,-100,-100,-100,-100
2016-06-17,29.916666666666668,21.21666666666667,2.2749999999999995,1.15,0.275,0.2,14.333333333333334,-100,24.900000000000002,0.8,0.8,-100,-100,-100,-100,-100,-100
2016-06-18,28.8,21.6,-100,-100,-100,-100,15.4,-100,23.7,-100,-100,-100,-100,-100,-100,-100,-100
2016-06-19,29.65,21.2,2.2,1.2,0.2,0.2,14.274999999999999,-100,24.675,0.8,-100,-100,-100,-100,-100,-100,-100
2016-06-20,29.733333333333334,21.566666666666666,2.7,1.1,-100,0.3,14.5,-100,24.366666666666664,0.9,-100,-100,-100,-100,-100,-100,-100
2016-06-21,28.5,21.5,-100,-100,-100,-100,15.2,-100,23.7,-100,-100,-100,-100,-100,-100,-100,-100
2016-06-22,28.2,21.7,-100,-100,-100,-100,15.2,-100,23.6,-100,-100,-100,-100,-100,-100,-100,-100
2016-06-23,28.0,21.8,-100,-100,-100,-100,15.2,-100,24.0,-100,-100,-100,-100,-100,-100,-100,-100
2016-06-24,29.549999999999997,21.700000000000003,2.8,1.2,0.3,-100,14.05,-100,24.25,0.9,-100,-100,-100,-100,-100,-100,-100
2016-06-25,28.7,21.6,-100,-100,-100,-100,14.5,-100,23.9,-100,-100,-100,-100,-100,-100,-100,-100
2016-07-11,32.5,23.1,2.9,1.2,0.1,-100,12.0,-100,19.6,0.9,-100,1.7,-100,-100,-100,-100,-100
2016-07-15,33.5,22.3,-100,-100,-100,-100,14.1,-100,21.6,-100,-100,-100,-100,-100,-100,-100,-100
2016-07-25,34.1,22.2,2.9,1.2,0.3,-100,12.3,-100,21.0,0.7,-100,2.0,-100,-100,-100,-100,-100
2016-08-10,35.4,22.8,-100,-100,-100,-100,12.3,-100,21.3,-100,-100,-100,-100,-100,-100,-100,-100
2016-08-27,34.0,22.3,2.5,1.3,0.3,0.2,12.7,-100,20.9,0.8,1.3,2.0,-100,-100,-100,-100,-100
2016-09-03,34.8,22.4,2.8,1.2,0.3,-100,12.1,-100,20.7,0.8,-100,1.9,-100,-100,-100,-100,-100
2016-09-07,34.7,22.5,-100,-100,-100,-100,11.5,-100,19.5,-100,-100,-100,-100,-100,-100,-100,-100
2016-09-08,34.8,21.3,-100,-100,-100,-100,12.0,-100,21.1,-100,-100,-100,-100,-100,-100,-100,-100
2016-09-09,33.9,21.1,2.7,1.2,0.3,-100,12.9,-100,20.5,0.8,-100,2.1,-100,-100,-100,-100,-100
2016-09-14,33.5,22.85,-100,-100,-100,-100,12.850000000000001,-100,20.3,-100,-100,-100,-100,-100,-100,-100,-100
2016-09-28,35.4,19.8,2.7,1.4,0.4,-100,11.5,-100,20.9,1.0,-100,2.1,-100,-100,-100,-100,-100
2016-09-30,35.099999999999994,19.25,2.8,1.4,0.35,-100,13.25,-100,21.1,0.95,-100,2.0,-100,-100,-100,-100,-100
2016-10-06,36.150000000000006,20.25,2.8,1.2,0.3,0.2,12.15,-100,21.1,0.8,1.3,2.0,-100,-100,-100,-100,-100
2016-10-07,36.6,19.65,-100,-100,-100,-100,12.2,-100,19.6,-100,-100,-100,-100,-100,-100,-100,-100
2016-10-10,34.5,17.0,3.0,1.3,0.5,-100,12.8,-100,21.8,0.8,-100,1.7,-100,-100,-100,-100,-100
2016-10-11,36.8,15.9,-100,-100,-100,-100,13.9,-100,23.5,-100,-100,-100,-100,-100,-100,-100,-100
2016-10-13,37.8,18.0,-100,-100,-100,-100,11.6,-100,22.1,-100,-100,-100,-100,-100,-100,-100,-100
2016-10-20,35.0,14.0,-100,-100,-100,-100,14.0,-100,26.0,-100,-100,-100,-100,-100,-100,-100,-100
2016-11-07,36.2,20.4,2.8,1.2,0.3,0.2,12.8,-100,20.2,0.9,1.3,2.0,-100,-100,-100,-100,-100
2016-11-08,34.1,17.6,-100,-100,-100,-100,14.5,-100,22.9,-100,-100,-100,-100,-100,-100,-100,-100
2016-11-11,35.7,17.9,-100,-100,-100,-100,13.0,-100,23.1,-100,-100,-100,-100,-100,-100,-100,-100
2016-11-12,36.8,18.1,-100,-100,-100,-100,14.0,-100,18.2,-100,-100,-100,-100,-100,-100,-100,-100
2016-11-19,36.9,19.5,2.8,1.1,0.3,-100,11.4,-100,20.6,0.9,-100,1.6,-100,-100,-100,-100,-100
2016-11-22,33.8,18.6,-100,-100,-100,-100,12.4,-100,22.5,-100,-100,-100,-100,-100,-100,-100,-100
2016-11-30,34.2,17.9,-100,-100,-100,-100,14.5,-100,22.9,-100,-100,-100,-100,-100,-100,-100,-100
2016-12-02,33.349999999999994,19.8,2.8,1.3,0.3,-100,13.9,-100,22.65,0.7,-100,1.3,-100,-100,-100,-100,-100
2016-12-07,34.9,20.049999999999997,2.8,1.2,0.3,0.2,13.6,-100,20.85,0.9,1.4,1.9,-100,-100,-100,-100,-100
2016-12-16,34.1,19.2,2.8,1.2,0.3,-100,14.2,-100,21.6,0.9,-100,2.1,-100,-100,-100,-100,-100
2016-12-17,36.9,19.3,2.7,1.1,0.3,-100,11.6,-100,21.2,1.0,-100,1.8,-100,-100,-100,-100,-100
2016-12-29,33.9,19.1,2.7,1.35,0.3,-100,14.05,-100,21.8,0.8,-100,1.45,-100,-100,-100,-100,-100
2017-01-04,34.9,19.9,2.9,1.3,0.3,-100,13.3,-100,20.6,1.0,-100,1.8,-100,-100,-100,-100,-100
2017-01-09,35.9,20.7,2.8,1.2,0.3,0.2,12.4,-100,20.3,0.9,1.4,1.9,-100,-100,-100,-100,-100
2017-01-12,33.1,18.85,3.0,1.8,0.2,-100,13.95,-100,21.7,0.9,-100,1.7,-100,-100,-100,-100,-100
2017-02-02,35.5,20.15,2.75,1.15,0.3,-100,12.65,-100,20.8,0.9,-100,1.7000000000000002,-100,-100,-100,-100,-100
2017-02-06,32.7,21.8,-100,-100,-100,-100,12.6,-100,20.5,-100,-100,-100,-100,-100,-100,-100,-100
2017-02-07,35.7,21.3,2.8,1.2,0.3,0.2,12.1,-100,19.7,0.9,1.4,1.8,-100,-100,-100,-100,-100
2017-02-10,31.0,21.4,-100,-100,-100,-100,13.7,-100,22.6,-100,-100,-100,-100,-100,-100,-100,-100
2017-02-17,32.5,18.6,3.0,1.4,0.3,-100,15.4,-100,20.2,0.9,-100,1.5,-100,-100,-100,-100,-100
2017-02-22,32.2,21.1,2.8,-100,-100,-100,14.0,-100,21.7,-100,-100,1.4,-100,-100,-100,-100,-100
2017-03-02,34.3,20.2,2.6,1.3,-100,-100,12.6,-100,21.7,-100,-100,1.6,-100,-100,-100,-100,-100
2017-03-07,35.6,22.1,2.8,1.2,0.3,0.2,12.1,-100,19.3,0.9,1.4,1.6,-100,-100,-100,-100,-100
2017-03-09,30.549999999999997,19.95,-100,-100,-100,-100,16.1,-100,20.75,-100,-100,-100,-100,-100,-100,-100,-100
2017-03-15,31.0,20.0,-100,-100,-100,-100,16.2,-100,19.9,-100,-100,-100,-100,-100,-100,-100,-100
2017-03-17,37.0,20.8,2.7,1.1,0.3,-100,11.3,-100,20.2,1.0,-100,1.6,-100,-100,-100,-100,-100
2017-03-26,30.7,22.6,-100,-100,-100,-100,14.0,-100,20.3,-100,-100,-100,-100,-100,-100,-100,-100
2017-04-06,30.2,20.2,-100,-100,-100,-100,17.4,-100,20.7,-100,-100,-100,-100,-100,-100,-100,-100
2017-04-07,35.1,22.3,2.8,1.1,0.3,0.2,12.9,-100,19.2,0.9,1.3,1.5,-100,-100,-100,-100,-100
2017-04-08,31.5,19.9,2.9,1.1,0.3,-100,14.9,-100,19.7,1.1,-100,2.0,-100,-100,-100,-100,-100
2017-04-10,30.8,23.8,-100,-100,-100,-100,13.9,-100,19.3,-100,-100,-100,-100,-100,-100,-100,-100
2017-04-11,36.8,21.0,2.7,1.0,0.3,-100,11.8,-100,20.2,0.9,-100,1.5,-100,-100,-100,-100,-100
2017-04-12,31.6,21.2,2.8,1.3,0.4,-100,16.7,-100,19.4,0.8,-100,1.9,-100,-100,-100,-100,-100
2017-05-05,34.8,22.5,2.8,1.2,0.3,0.2,12.7,-100,19.3,0.9,1.2,1.5,-100,-100,-100,-100,-100
2017-05-10,31.1,23.5,2.6,1.2,-100,-100,14.3,-100,21.6,-100,-100,1.0,-100,-100,-100,-100,-100
2017-05-12,30.9,22.3,-100,-100,-100,-100,14.8,-100,19.8,-100,-100,-100,-100,-100,-100,-100,-100
2017-06-01,30.299999999999997,23.5,2.8499999999999996,1.25,0.3,-100,15.6,-100,19.025,0.8500000000000001,-100,1.5,-100,-100,-100,-100,-100
2017-06-07,31.9,23.5,2.8,1.2,0.3,0.2,14.5,-100,19.0,1.0,1.6,1.4,-100,-100,-100,-100,-100
2017-06-09,29.9,25.3,-100,-100,-100,-100,16.8,-100,18.6,-100,-100,-100,-100,-100,-100,-100,-100
2017-06-16,26.7,24.2,3.3,1.2,0.5,-100,18.1,-100,19.1,0.9,-100,2.0,-100,-100,-100,-100,-100
2017-06-28,28.2,23.3,-100,-100,-100,-100,17.3,-100,19.05,-100,-100,-100,-100,-100,-100,-100,-100
2017-07-07,31.6,24.4,2.9,1.1,0.3,0.2,15.1,-100,18.8,0.8,1.4,1.3,-100,-100,-100,-100,-100
2017-07-09,34.2,22.3,2.9,1.0,0.3,-100,13.9,-100,19.1,0.9,-100,1.2,-100,-100,-100,-100,-100
2017-07-10,28.0,24.5,2.9,1.0,0.4,-100,15.85,-100,20.35,0.8,-100,1.7,-100,-100,-100,-100,-100
2017-07-12,29.2,23.6,-100,-100,-100,-100,14.5,-100,19.0,-100,-100,-100,-100,-100,-100,-100,-100
2017-07-18,26.9,22.0,-100,-100,-100,-100,18.5,-100,19.7,-100,-100,-100,-100,-100,-100,-100,-100
2017-08-07,31.1,25.0,2.9,1.2,0.3,0.2,14.9,-100,18.9,0.9,1.3,1.4,-100,-100,-100,-100,-100
2017-09-07,30.85,26.25,2.3,1.2,-100,-100,13.399999999999999,-100,18.5,-100,-100,1.3,-100,-100,-100,-100,-100
2017-09-08,31.4,24.65,3.2,1.2999999999999998,0.3,0.2,15.350000000000001,-100,18.5,0.8,1.3,1.3,-100,-100,-100,-100,-100
2017-09-14,30.1,25.0,-100,-100,-100,-100,15.8,-100,18.8,-100,-100,-100,-100,-100,-100,-100,-100
2017-10-06,29.8,21.8,3.1,1.2,0.3,-100,19.5,-100,17.9,1.0,-100,1.8,-100,-100,-100,-100,-100
2017-10-10,29.15,23.9,2.8,1.2,0.3,0.2,18.95,-100,17.35,0.9,1.4,1.3,-100,-100,-100,-100,-100
2017-10-11,28.95,24.1,2.7,1.3,0.3,-100,17.5,-100,17.7,0.7,-100,1.6,-100,-100,-100,-100,-100
2017-10-14,31.4,22.0,3.0,1.1,0.3,-100,17.8,-100,17.5,0.8,-100,1.3,-100,-100,-100,-100,-100
2017-10-20,30.0,24.9,-100,-100,-100,-100,14.6,-100,19.5,-100,-100,-100,-100,-100,-100,-100,-100
2017-10-26,31.4,26.0,3.0,1.4,-100,-100,16.7,-100,15.3,-100,-100,1.4,-100,-100,-100,-100,-100
2017-11-02,30.3,25.1,-100,-100,-100,-100,15.8,-100,17.5,-100,-100,-100,-100,-100,-100,-100,-100
2017-11-03,27.5,24.8,2.1,1.0,0.3,-100,20.6,2.0,15.7,0.6,-100,1.7,-100,-100,-100,-100,-100
2017-11-08,26.6,23.75,-100,-100,-100,-100,22.15,-100,14.899999999999999,-100,-100,-100,-100,-100,-100,-100,-100
2017-11-10,30.3,24.2,2.7,1.2,0.3,0.2,17.5,-100,17.7,0.9,1.3,1.3,-100,-100,-100,-100,-100
2017-12-07,30.2,24.7,-100,-100,-100,-100,17.7,-100,17.4,-100,-100,-100,-100,-100,-100,-100,-100
2017-12-13,24.8,23.8,-100,-100,-100,-100,22.8,-100,16.3,-100,-100,-100,-100,-100,-100,-100,-100
2017-12-29,24.1,22.5,3.5,1.1,0.5,-100,23.9,1.7,16.2,0.7,1.4,1.9,-100,-100,-100,-100,-100
2017-12-30,30.0,23.8,3.0,1.1,0.3,-100,18.8,-100,16.1,0.8,-100,1.3,-100,-100,-100,-100,-100
2018-01-05,29.8,25.1,2.5,1.2,0.3,0.2,18.6,-100,16.9,0.9,1.2,1.7,-100,-100,-100,-100,-100
2018-01-08,21.8,23.4,-100,-100,-100,-100,24.1,-100,17.8,-100,-100,-100,-100,-100,-100,-100,-100
2018-01-11,23.95,22.9,2.9,1.3,0.3,-100,26.65,-100,14.899999999999999,0.7,-100,1.9,-100,-100,-100,-100,-100
2018-01-14,26.3,23.1,3.4,1.2,0.2,-100,20.7,-100,19.0,0.8,-100,2.0,-100,-100,-100,-100,-100
2018-02-07,24.0,22.549999999999997,2.9,1.2,0.3,-100,27.15,-100,15.9,0.8,-100,1.8,-100,-100,-100,-100,-100
2018-02-08,21.9,20.1,-100,-100,-100,-100,28.3,-100,16.8,-100,-100,-100,-100,-100,-100,-100,-100
2018-02-09,28.9,25.5,2.7,1.3,0.3,0.2,19.3,-100,16.5,0.9,1.2,1.6,-100,-100,-100,-100,-100
2018-02-14,24.5,21.3,-100,-100,-100,-100,22.1,-100,16.6,-100,-100,-100,-100,-100,-100,-100,-100
2018-02-27,21.4,21.5,3.0,1.1,1.0,-100,28.5,-100,17.0,0.8,2.0,1.7,-100,-100,-100,-100,-100
2018-03-02,27.9,24.0,2.8,1.2,0.3,-100,22.1,-100,15.8,0.8,-100,1.5,-100,-100,-100,-100,-100
2018-03-05,21.5,19.4,-100,-100,-100,-100,28.9,-100,17.0,-100,-100,-100,-100,-100,-100,-100,-100
2018-03-07,23.3,22.65,2.6,1.3,0.3,0.2,26.55,-100,16.75,0.9,1.2,1.6,-100,-100,-100,-100,-100
2018-03-14,23.8,22.1,2.9,1.4,0.3,-100,27.3,-100,16.7,0.6,-100,1.6,-100,-100,-100,-100,-100
2018-03-16,24.7,20.4,-100,-100,-100,-100,23.8,-100,16.0,-100,-100,-100,-100,-100,-100,-100,-100
2018-03-27,23.3,19.7,3.3,1.2,-100,-100,26.7,-100,18.4,-100,-100,1.3,-100,-100,-100,-100,-100
2018-03-29,21.9,19.4,-100,-100,-100,-100,27.4,-100,16.2,-100,-100,-100,-100,-100,-100,-100,-100
2018-04-05,20.4,19.1,-100,-100,-100,-100,28.7,-100,18.3,-100,-100,-100,-100,-100,-100,-100,-100
2018-04-06,24.9,24.1,2.9,1.2,0.3,-100,24.0,-100,16.6,0.9,-100,1.5,-100,-100,-100,-100,-100
2018-04-09,19.0,20.2,-100,-100,-100,-100,29.9,-100,17.6,-100,-100,-100,-100,-100,-100,-100,-100
2018-04-13,26.3,23.5,2.9,1.1,0.3,-100,24.3,-100,16.2,0.8,-100,1.4,-100,-100,-100,-100,-100
2018-04-18,21.0,20.5,3.0,-100,-100,-100,28.5,-100,18.1,-100,-100,2.0,-100,-100,-100,-100,-100
2018-04-30,26.0,24.9,3.6,1.2,0.3,-100,19.7,-100,17.7,0.8,-100,1.5,-100,-100,-100,-100,-100
2018-05-09,19.5,19.0,-100,-100,-100,-100,29.1,-100,19.8,-100,-100,-100,-100,-100,-100,-100,-100
2018-05-10,20.9,20.1,-100,-100,-100,-100,29.6,-100,17.2,-100,-100,-100,-100,-100,-100,-100,-100
2018-05-25,25.6,23.6,2.9,1.1,0.3,-100,24.4,-100,15.8,0.8,-100,1.4,-100,-100,-100,-100,-100
2018-05-26,16.8,20.3,3.3,1.4,0.4,-100,28.5,1.9,19.3,1.0,1.5,1.5,-100,-100,-100,-100,-100
2018-05-28,18.75,21.8,2.7,1.25,0.3,-100,26.3,3.1,19.9,0.9,2.0,1.75,-100,-100,-100,-100,-100
2018-06-02,18.0,22.0,2.9,1.2,0.3,0.3,24.2,2.5,20.9,1.3,2.0,1.4,-100,-100,-100,-100,-100
2018-06-07,17.1,25.2,3.0,1.3,0.3,0.3,22.5,2.1,20.5,1.2,2.1,1.3,-100,-100,-100,-100,-100
2018-06-08,23.5,27.099999999999998,3.1,1.1,0.3,0.2,22.633333333333336,1.1,15.666666666666666,0.8500000000000001,1.35,1.55,-100,-100,-100,-100,-100
2018-06-09,25.5,24.9,3.1,1.2,0.3,-100,21.0,-100,16.7,0.8,-100,1.5,-100,-100,-100,-100,-100
2018-06-12,24.9,27.1,-100,-100,-100,-100,20.6,-100,14.6,-100,-100,-100,-100,-100,-100,-100,-100
2018-06-13,21.0,28.6,2.6,-100,-100,-100,22.8,-100,16.6,-100,-100,1.6,-100,-100,-100,-100,-100
2018-06-22,19.5,23.9,2.9,1.3,0.5,-100,25.3,2.1,16.9,0.8,1.6,1.3,-100,-100,-100,-100,-100
2018-06-30,25.2,26.3,3.1,1.2,0.3,-100,20.6,-100,16.2,0.8,-100,1.4,-100,-100,-100,-100,-100
2018-07-06,21.45,27.15,3.1,1.1,0.3,0.2,23.3,-100,17.5,0.9,1.1,1.6,-100,-100,-100,-100,-100
2018-07-10,20.4,29.9,3.9,1.2,0.2,-100,20.4,-100,15.6,0.6,-100,1.3,-100,-100,-100,-100,-100
2018-07-12,22.3,26.3,3.2,1.1,-100,-100,24.2,-100,16.1,-100,-100,1.2,-100,-100,-100,-100,-100
2018-07-22,21.0,26.1,3.1,1.3,-100,-100,20.8,1.7,18.5,0.9,1.7,1.4,-100,-100,-100,-100,-100
2018-07-25,25.75,25.950000000000003,2.5,1.3,0.6,-100,20.450000000000003,-100,16.450000000000003,0.7,-100,1.8,-100,-100,-100,-100,-100
2018-07-26,26.2,27.9,3.0,1.1,0.3,-100,19.6,-100,15.1,0.8,-100,1.9,-100,-100,-100,-100,-100
2018-07-27,26.7,27.4,3.1,1.2,0.3,-100,19.2,-100,15.8,0.8,-100,1.5,-100,-100,-100,-100,-100
2018-08-03,23.65,25.1,3.3,1.3,-100,-100,22.299999999999997,1.0,17.0,0.8,1.6,1.4,-100,-100,-100,-100,-100
2018-08-07,25.5,28.0,3.0,1.1,0.3,0.2,19.4,-100,17.3,0.9,1.0,1.6,-100,-100,-100,-100,-100
2018-08-30,22.6,25.8,3.0,1.3,0.5,-100,23.1,1.8,16.5,0.7,1.5,1.5,-100,-100,-100,-100,-100
2018-08-31,27.5,27.8,3.0,1.1,0.3,-100,18.8,-100,16.0,0.8,-100,1.5,-100,-100,-100,-100,-100
2018-09-07,24.46666666666667,26.666666666666668,2.9,1.1,0.3,0.2,20.833333333333332,1.5,16.533333333333335,0.75,0.8,1.7999999999999998,-100,-100,-100,-100,-100
2018-09-09,24.6,24.9,3.0,1.3,0.3,0.3,19.8,1.6,17.8,0.8,1.3,1.6,-100,-100,-100,-100,-100
2018-09-11,20.55,28.5,3.4499999999999997,1.05,0.2,-100,21.75,2.2,15.75,0.9,1.85,1.7,-100,-100,-100,-100,-100
2018-09-19,23.1,27.1,-100,-100,-100,-100,21.75,-100,15.649999999999999,-100,-100,-100,-100,-100,-100,-100,-100
2018-10-02,21.2,25.3,-100,-100,-100,-100,23.1,2.0,15.9,-100,2.2,-100,-100,-100,-100,-100,-100
2018-10-05,25.05,26.45,3.0,1.1,0.3,0.2,20.450000000000003,1.0,17.35,0.8,0.8,1.7,-100,-100,-100,-100,-100
2018-10-09,18.2,31.6,4.3,1.0,0.1,-100,21.0,1.3,17.3,0.8,1.6,1.4,-100,-100,-100,-100,-100
2018-10-11,26.7,26.8,3.0,1.1,0.3,-100,19.5,1.9,16.8,0.7,-100,1.4,-100,-100,-100,-100,-100
2018-10-18,22.6,25.2,-100,-100,-100,-100,19.2,5.1,17.7,-100,-100,-100,-100,-100,-100,-100,-100
2018-10-26,23.1,22.0,3.1,1.2,0.3,0.3,21.9,3.6,18.5,0.8,1.2,1.5,-100,-100,-100,-100,-100
2018-10-30,21.3,25.3,3.3,-100,-100,-100,21.8,4.3,16.1,-100,-100,1.5,-100,-100,-100,-100,-100
2018-11-09,26.05,26.7,2.8499999999999996,0.95,0.3,0.2,20.15,1.8,17.15,0.7,0.9,1.5,-100,-100,-100,-100,-100
2018-11-11,19.1,31.2,4.8,0.7,0.3,-100,18.2,2.5,18.0,1.0,2.1,0.8,-100,-100,-100,-100,-100
2018-11-14,19.6,24.1,-100,-100,-100,-100,22.4,-100,18.1,-100,-100,-100,-100,-100,-100,-100,-100
2018-12-04,19.1,19.3,3.1,1.3,-100,-100,21.4,10.4,17.6,0.8,1.6,1.6,-100,-100,-100,-100,-100
2018-12-07,22.9,23.2,-100,-100,-100,-100,22.9,7.3,14.8,-100,-100,-100,-100,-100,-100,-100,-100
2018-12-11,24.7,25.2,2.9,1.0,0.3,0.2,19.4,6.8,16.2,0.6,0.8,1.5,-100,-100,-100,-100,-100
2018-12-12,18.0,22.2,-100,-100,-100,-100,20.5,11.5,17.9,-100,-100,-100,-100,-100,-100,-100,-100
2018-12-13,19.6,25.8,3.0,1.2,-100,-100,20.6,8.0,15.5,0.9,1.6,1.6,-100,-100,-100,-100,-100
2018-12-14,21.325000000000003,23.675,2.9,1.0999999999999999,0.4,-100,19.525,8.649999999999999,16.724999999999998,0.6666666666666666,-100,1.5,-100,-100,-100,-100,-100
2018-12-16,21.2,24.1,-100,-100,-100,-100,18.4,9.2,16.7,-100,-100,-100,-100,-100,-100,-100,-100
2018-12-27,19.2,22.6,3.6,1.2,-100,-100,18.8,12.9,15.8,-100,-100,1.0,-100,-100,-100,-100,-100
2019-01-05,18.3,22.4,3.2,1.2,0.3,-100,18.5,12.5,17.1,0.9,-100,1.4,-100,-100,-100,-100,-100
2019-01-08,23.8,24.1,2.8,1.0,0.3,0.2,19.6,8.1,16.1,0.7,0.8,1.5,-100,-100,-100,-100,-100
2019-01-09,18.2,25.1,-100,-100,-100,-100,17.9,11.5,14.0,-100,-100,-100,-100,-100,-100,-100,-100
2019-01-13,17.0,25.6,4.7,1.3,0.2,-100,18.799999999999997,9.75,15.850000000000001,1.1,1.4,1.0,-100,-100,-100,-100,-100
2019-01-15,19.1,23.7,-100,-100,-100,-100,17.8,12.1,17.1,-100,-100,-100,-100,-100,-100,-100,-100
2019-01-24,23.0,26.5,2.8,1.2,0.2,-100,17.1,9.8,11.6,0.6,-100,1.6,-100,-100,-100,-100,-100
2019-01-25,24.0,24.2,2.8,0.9,-100,-100,18.7,9.4,16.6,0.7,-100,1.2,-100,-100,-100,-100,-100
2019-01-30,20.1,23.1,-100,-100,-100,-100,19.6,12.1,14.9,-100,-100,-100,-100,-100,-100,-100,-100
2019-02-08,20.5,24.549999999999997,2.8,1.2,0.3,-100,18.1,10.3,14.850000000000001,0.8,1.1,1.7,-100,-100,-100,-100,-100
2019-02-10,20.3,27.9,2.9,1.0,0.2,-100,17.5,6.8,17.3,0.8,2.2,1.0,-100,-100,-100,-100,-100
2019-02-13,20.5,27.6,-100,-100,-100,-100,15.4,12.7,13.8,-100,-100,-100,-100,-100,-100,-100,-100
2019-02-15,21.424999999999997,25.999999999999996,2.9666666666666663,1.1333333333333333,0.3,-100,17.3,10.9,14.3,0.6666666666666666,1.9,1.4000000000000001,2.3,-100,-100,-100,-100
2019-02-21,19.3,28.2,3.8,1.4,-100,-100,13.5,14.2,14.2,0.8,-100,1.7,-100,-100,-100,-100,-100
2019-02-22,21.15,28.1,3.1,1.25,0.2,-100,15.85,12.05,12.95,0.6,-100,1.3,-100,-100,-100,-100,-100
2019-03-08,19.8,29.1,2.95,1.1,0.2,-100,15.5,12.1,12.95,0.75,2.0,1.5,-100,-100,-100,-100,-100
2019-03-11,22.8,25.4,2.7,1.2,0.3,-100,18.1,9.6,14.3,0.7,1.2,1.7,-100,-100,-100,-100,-100
2019-03-13,17.1,31.2,-100,-100,-100,-100,16.7,8.6,12.4,-100,-100,-100,-100,-100,-100,-100,-100
2019-03-15,23.2,26.0,2.8,1.1,-100,-100,17.8,10.3,14.8,0.6,-100,1.2,-100,-100,-100,-100,-100
2019-03-17,20.7,27.3,3.2,1.3,0.3,-100,15.4,12.5,11.3,0.8,0.9,1.3,1.7,-100,-100,-100,-100
2019-03-18,20.1,30.6,3.9,1.4,0.4,-100,14.7,9.0,13.3,0.9,1.8,-100,0.6,1.3,-100,-100,-100
2019-03-19,19.3,27.1,-100,-100,-100,-100,17.7,10.2,12.3,-100,-100,-100,-100,-100,-100,-100,-100
2019-03-20,18.9,26.9,-100,-100,-100,-100,13.8,13.9,13.4,-100,-100,-100,-100,1.7,-100,-100,-100
2019-03-22,22.15,28.9,2.75,1.25,0.3,-100,15.100000000000001,11.1,11.65,0.7,-100,-100,1.0,1.35,-100,-100,-100
2019-03-23,19.5,30.5,3.5,1.3,-100,-100,14.4,11.0,12.4,1.0,2.1,-100,-100,1.3,-100,-100,-100
2019-03-25,19.0,28.7,-100,-100,-100,-100,16.3,11.7,14.0,-100,-100,-100,-100,-100,-100,-100,-100
2019-03-26,20.0,31.0,3.3,1.2,-100,-100,14.9,10.1,11.9,1.1,2.0,-100,0.7,1.3,-100,-100,-100
2019-03-27,21.95,27.35,2.45,1.35,0.3,-100,16.799999999999997,10.149999999999999,12.75,0.7,1.4,-100,1.5,1.5499999999999998,-100,-100,-100
2019-03-29,18.8,29.0,3.0,1.2,0.3,-100,16.1,11.9,12.6,0.9,1.2,-100,0.5,1.3,-100,-100,-100
2019-04-02,20.8,30.0,3.5,1.1,-100,-100,14.8,9.6,13.9,1.0,1.5,-100,0.5,1.1,-100,-100,-100
2019-04-03,23.6,27.2,2.8,1.2,0.3,-100,15.7,8.7,12.2,0.7,1.5,-100,1.6,1.6,-100,-100,-100
2019-04-04,20.9,31.1,-100,-100,-100,-100,14.9,9.8,11.5,-100,-100,-100,-100,-100,-100,-100,-100
2019-04-05,18.85,30.15,-100,-100,-100,-100,15.0,10.2,13.2,-100,-100,-100,-100,-100,-100,-100,-100
2019-04-09,20.533333333333335,31.066666666666666,3.1,1.3,-100,-100,14.233333333333334,10.933333333333332,12.5,0.8,1.5,-100,0.8,1.3,-100,-100,-100
2019-04-10,23.9,27.3,2.8,1.2,0.3,-100,15.9,7.8,13.1,0.7,1.5,-100,1.5,1.6,0.5,-100,-100
2019-04-11,20.8,27.9,2.3,1.5,0.2,-100,16.6,11.7,13.2,1.1,-100,-100,1.0,1.2,-100,-100,-100
2019-04-12,19.1,29.9,3.2,1.3,0.3,-100,15.4,11.2,13.0,1.0,1.2,-100,0.8,1.4,0.4,-100,-100
2019-04-15,22.3,27.8,3.2,1.2,-100,-100,13.1,14.2,12.2,-100,-100,-100,-100,1.6,-100,-100,-100
2019-04-16,19.450000000000003,29.75,3.2,1.2,0.3,-100,14.75,10.35,13.9,0.8,1.9,-100,0.8,1.4,0.3,-100,-100
2019-04-17,21.433333333333337,29.133333333333336,3.3499999999999996,1.25,0.3,-100,15.433333333333332,9.433333333333334,13.266666666666666,0.8,1.4,-100,1.4,1.35,0.4,-100,-100
2019-04-18,19.233333333333334,29.366666666666664,2.5999999999999996,1.75,0.35,-100,14.199999999999998,11.799999999999999,13.166666666666666,0.8500000000000001,-100,-100,1.2,1.35,0.3,-100,-100
2019-04-19,23.8,28.1,2.9,1.3,0.3,-100,14.9,9.0,13.0,0.8,-100,-100,1.5,1.4,0.4,-100,-100
2019-04-20,23.5,28.9,2.9,1.2,0.3,-100,15.1,7.9,13.5,0.8,1.3,-100,1.3,1.5,0.4,-100,-100
2019-04-21,18.2,29.5,3.3,1.1,0.2,-100,15.1,12.6,13.6,0.9,0.9,-100,1.1,1.3,0.3,-100,-100
2019-05-11,11.44,36.62,4.01,1.22,0.49,-100,16.3,5.35,15.33,-100,1.09,-100,0.73,1.22,0.49,-100,-100
2019-05-14,18.6,33.7,-100,-100,-100,-100,21.7,3.2,14.8,-100,-100,-100,-100,-100,-100,-100,-100
2019-06-07,21.1,30.4,-100,-100,-100,-100,17.6,7.9,10.8,-100,-100,-100,-100,-100,-100,-100,-100
2019-06-11,17.549999999999997,31.3,3.9,1.5,0.7,-100,17.15,8.8,13.3,1.0,-100,-100,0.4,1.9,0.5,-100,-100
2019-06-13,20.2,30.5,3.6,1.6,0.7,-100,14.9,8.0,12.7,1.1,-100,-100,0.4,1.9,0.6,-100,-100
2019-06-21,19.4,32.6,4.2,1.5,-100,-100,13.1,8.0,13.2,-100,-100,-100,-100,1.7,-100,-100,-100
2019-06-25,20.2,32.1,-100,-100,-100,-100,12.5,9.0,12.2,-100,-100,-100,-100,-100,-100,-100,-100
2019-07-05,19.9,31.2,3.8,1.5,0.6,-100,14.4,8.4,13.2,0.9,-100,-100,0.4,1.8,0.5,-100,-100
2019-07-06,15.5,36.6,-100,-100,-100,-100,13.2,7.6,12.9,-100,-100,-100,-100,-100,-100,-100,-100
2019-07-09,17.9,32.7,-100,-100,-100,-100,13.1,9.3,15.2,-100,-100,-100,-100,-100,-100,-100,-100
2019-07-11,15.7,32.6,-100,-100,-100,-100,15.3,8.1,15.0,-100,-100,-100,-100,-100,-100,-100,-100
2019-07-12,19.0,31.0,-100,-100,-100,-100,13.0,8.0,13.0,-100,-100,-100,-100,-100,-100,-100,-100
2019-07-26,19.5,29.25,-100,-100,-100,-100,14.25,9.1,13.75,-100,-100,-100,-100,-100,-100,-100,-100
2019-08-05,17.2,31.4,-100,-100,-100,-100,14.9,11.0,13.8,-100,-100,-100,-100,-100,-100,-100,-100
2019-08-07,20.2,30.9,3.7,1.5,0.6,-100,14.3,8.3,13.4,0.9,-100,-100,0.4,1.8,0.5,-100,-100
2019-08-24,21.9,29.5,3.6,1.5,0.6,-100,13.9,7.7,13.1,1.1,-100,-100,0.5,1.8,0.5,-100,-100
2019-08-29,19.0,33.4,4.3,1.5,-100,-100,11.8,8.3,14.2,-100,-100,-100,-100,1.1,-100,-100,-100
2019-08-30,18.1,31.3,4.1,1.6,0.4,-100,12.2,9.7,13.9,1.1,-100,-100,0.8,1.8,0.4,-100,-100
2019-09-05,20.1,30.5,4.3,1.6,0.6,-100,14.1,8.0,13.7,1.0,-100,-100,0.5,1.7,0.6,-100,-100
2019-09-06,19.15,31.35,3.8,1.4,-100,-100,13.8,10.0,13.55,1.0,-100,-100,-100,1.9,0.4,-100,-100
2019-09-12,18.4,29.8,-100,-100,-100,-100,13.3,10.2,14.6,-100,-100,-100,-100,-100,-100,-100,-100
2019-09-20,20.9,28.96666666666667,3.95,1.55,0.6,-100,13.133333333333333,9.466666666666667,14.566666666666668,1.2,-100,-100,0.8,1.75,0.3,-100,-100
2019-09-21,22.0,28.6,-100,-100,-100,-100,13.7,7.5,13.6,-100,-100,-100,-100,-100,-100,-100,-100
2019-09-23,22.1,29.4,4.2,1.6,0.6,-100,13.4,7.0,14.1,1.1,-100,-100,0.7,1.7,0.5,-100,-100
2019-09-25,21.4,27.2,3.9,1.6,0.4,-100,11.3,9.6,12.4,1.0,-100,-100,-100,2.0,0.5,5.2,-100
2019-09-26,19.1,26.1,-100,1.3,-100,-100,10.3,10.1,12.1,-100,-100,-100,-100,-100,-100,6.4,-100
2019-10-03,19.85,28.15,3.25,1.6,-100,-100,10.55,10.55,12.1,1.0,-100,-100,-100,2.0,-100,4.8,1.3
2019-10-04,20.92,27.359999999999996,4.0,1.5,0.5666666666666665,-100,11.1,9.94,12.8,1.0333333333333334,-100,-100,-100,1.7,0.43333333333333335,4.9399999999999995,0.55
2019-10-08,21.3,27.9,3.6,1.6,-100,-100,10.0,10.2,12.6,-100,-100,-100,-100,1.7,-100,4.3,-100
2019-10-10,22.5,26.4,4.2,1.5,0.6,-100,10.6,9.8,13.4,1.0,-100,-100,-100,1.6,0.5,4.1,0.7
2019-10-11,22.2,27.85,4.2,1.6,0.7,-100,10.0,10.100000000000001,12.8,1.0,-100,-100,-100,1.5,0.4,4.4,0.7
2019-10-12,20.9,27.4,3.2,1.4,0.3,-100,9.3,10.5,12.3,1.1,-100,-100,-100,1.7,0.2,5.1,1.5
2019-10-15,22.049999999999997,27.1,4.05,1.5,0.6,-100,9.85,10.5,12.850000000000001,1.0,-100,-100,-100,1.5,0.4,4.4,-100
2019-10-17,21.666666666666668,26.900000000000002,4.133333333333333,1.5666666666666667,0.7,-100,10.033333333333333,10.799999999999999,12.733333333333334,1.0,-100,-100,-100,1.5999999999999999,0.4,4.6,0.7
2019-10-18,22.85,27.549999999999997,3.9,1.5,0.44999999999999996,-100,9.15,11.3,12.149999999999999,0.95,-100,-100,-100,1.55,0.5,3.45,0.8500000000000001
2019-10-22,22.1,26.9,4.1,1.6,-100,-100,9.3,11.55,12.8,-100,-100,-100,-100,1.5,-100,4.3,-100
2019-10-24,21.95,27.5,4.0,1.6,0.7,-100,9.45,12.0,12.8,1.0,-100,-100,-100,1.6,0.4,3.6,0.8
2019-10-25,23.0,27.5,4.0,1.7,-100,-100,9.0,11.3,12.1,-100,-100,-100,-100,-100,-100,4.3,-100
2019-10-26,21.0,25.5,3.6,1.3,0.4,-100,9.3,12.2,12.2,1.0,-100,-100,-100,1.8,0.3,5.1,1.3
2019-10-27,22.2,27.1,3.5,-100,-100,-100,10.3,13.8,9.6,-100,-100,-100,-100,-100,-100,3.3,-100
2019-10-29,20.925,26.975,3.8000000000000003,1.4666666666666668,0.6,-100,9.05,13.299999999999999,12.875,1.0,-100,-100,-100,1.5999999999999999,0.4,4.199999999999999,1.1
2019-10-30,19.4,26.8,-100,-100,-100,-100,10.0,13.6,12.5,-100,-100,-100,-100,-100,-100,3.3,-100
2019-10-31,20.9,27.549999999999997,3.75,1.4666666666666668,0.55,-100,8.425,13.775000000000002,12.7,0.9,-100,-100,-100,1.425,0.4,3.2750000000000004,1.4000000000000001
2019-11-02,20.166666666666668,27.2,3.75,1.3,0.6,-100,9.133333333333335,13.966666666666669,12.133333333333333,0.9,-100,-100,-100,1.5,0.4,3.9666666666666663,1.4
2019-11-04,19.0,26.6,3.6,-100,-100,-100,8.2,15.0,12.8,-100,-100,-100,-100,1.5,-100,2.8,1.5
2019-11-08,19.0,26.3,2.7,-100,-100,-100,7.5,15.6,14.0,-100,-100,-100,-100,1.4,-100,2.9,1.1
2019-12-12,20.5,27.0,-100,-100,-100,-100,6.4,13.8,16.4,-100,-100,-100,-100,-100,-100,-100,-100
2019-12-13,21.6,27.1,3.5,1.5,-100,-100,5.8,15.6,13.1,1.1,-100,-100,-100,2.3,-100,-100,-100
2019-12-21,21.6,27.2,3.8,1.8,0.6,0.5,5.8,16.2,12.6,1.1,-100,-100,-100,2.6,0.3,2.0,0.9
2019-12-27,20.1,27.5,3.5,1.6,-100,-100,4.8,16.0,15.4,-100,-100,-100,-100,2.0,-100,2.3,-100
2020-01-02,19.5,26.9,3.7,1.6,0.6,-100,4.9,18.6,13.3,1.1,-100,-100,-100,2.2,0.4,2.6,1.0
2020-01-09,20.3,27.0,3.2,1.4,0.5,0.5,6.1,16.4,13.9,1.1,-100,-100,-100,2.8,0.4,2.0,1.3
2020-01-10,21.75,26.4,-100,-100,-100,-100,7.6,14.7,13.95,-100,-100,-100,-100,-100,-100,-100,-100
2020-01-17,22.1,26.7,3.3,1.5,0.5,0.5,5.4,16.1,13.4,1.0,-100,-100,-100,2.6,0.5,1.8,1.1
2020-01-18,21.2,27.7,3.6,1.6,0.5,0.5,5.5,16.3,12.5,1.1,-100,-100,-100,2.2,0.4,2.1,1.0
2020-01-29,20.5,26.8,-100,-100,-100,-100,6.1,15.3,13.3,-100,-100,-100,-100,-100,-100,2.7,-100
2020-01-31,19.4,27.0,3.8,1.6,0.6,-100,4.7,18.7,13.7,1.0,-100,-100,-100,2.3,0.4,2.2,1.1
2020-02-07,20.2,27.6,3.3,1.5,0.5,0.5,6.2,16.9,13.5,1.1,1.0,-100,0.7,2.7,0.4,1.3,1.0
2020-02-11,17.6,28.5,-100,-100,-100,-100,7.9,16.1,14.0,-100,-100,-100,-100,-100,-100,-100,-100
2020-02-14,22.2,26.9,3.4,1.5,0.5,0.5,5.6,16.1,13.2,1.1,-100,-100,-100,2.9,0.5,1.7,0.9
2020-02-28,19.7,27.8,3.6,1.6,0.6,-100,3.9,18.8,13.2,1.1,-100,-100,-100,2.3,0.4,2.4,1.0
2020-03-06,20.9,27.7,-100,-100,-100,-100,7.7,15.1,14.9,-100,-100,-100,-100,-100,-100,-100,-100
2020-03-17,23.4,24.5,3.0,1.6,0.5,0.5,8.3,14.5,13.6,1.2,-100,1.3,-100,2.8,0.4,1.3,1.3
2020-03-26,19.9,26.2,3.97,-100,-100,-100,5.24,15.7,11.8,-100,-100,-100,-100,-100,-100,-100,-100
2020-03-27,23.1,26.8,-100,-100,-100,-100,7.2,14.4,11.8,-100,-100,-100,-100,-100,-100,1.9,-100
2020-03-31,21.6,25.5,3.8,1.7,0.6,-100,5.1,16.9,12.6,1.2,-100,-100,-100,2.6,0.5,2.3,0.9
2020-04-07,21.266666666666666,29.099999999999998,3.5,1.35,0.45,0.5,6.733333333333334,15.1,12.233333333333334,0.85,1.1,-100,-100,1.8499999999999999,0.35,1.6,0.8
2020-04-15,25.4,31.7,3.6,1.9,-100,-100,5.4,11.9,11.5,-100,-100,-100,-100,1.9,-100,1.3,-100
2020-04-17,22.7,26.8,3.6,1.6,-100,-100,5.3,15.0,13.4,1.2,-100,-100,-100,2.5,-100,1.6,-100
2020-04-24,25.4,28.2,3.2,1.5,0.3,0.4,7.5,14.5,11.0,1.0,-100,-100,-100,2.4,0.3,1.2,-100
2020-04-25,22.4,25.1,-100,-100,-100,-100,7.8,15.3,12.1,-100,-100,-100,-100,-100,-100,2.3,-100
2020-04-30,23.2,26.3,3.5,1.6,0.5,0.5,6.2,15.4,13.0,1.1,-100,-100,-100,2.7,0.4,1.7,0.9
2020-05-04,22.3,25.1,3.3,1.2,-100,-100,7.5,15.7,13.1,1.6,-100,-100,-100,2.6,-100,2.2,1.3
2020-05-08,23.03333333333333,29.3,3.5,1.5,0.4,-100,8.233333333333334,13.233333333333334,11.700000000000001,0.9,-100,-100,-100,2.3,0.4,1.2999999999999998,0.8
2020-05-09,23.9,25.1,3.2,1.5,0.4,0.5,6.4,15.2,13.6,1.3,-100,-100,-100,2.7,0.4,1.4,1.2
2020-05-15,24.3,26.8,3.55,1.7000000000000002,-100,-100,5.25,14.65,11.45,1.2,-100,-100,-100,2.25,-100,1.5,-100
2020-05-16,24.9,26.0,3.6,1.7,-100,-100,5.2,14.6,12.5,1.2,-100,-100,-100,2.6,-100,-100,-100
2020-05-24,22.0,25.1,-100,-100,-100,-100,9.0,15.8,11.3,-100,-100,-100,-100,-100,-100,-100,-100
2020-05-30,24.4,26.9,3.6,1.6,0.6,-100,7.9,14.6,10.9,1.0,-100,-100,-100,2.3,0.4,1.4,0.7
2020-06-05,23.399999999999995,28.400000000000002,3.8,1.6,0.5,0.5,7.3,13.833333333333334,11.6,1.2,-100,-100,-100,2.4,0.4,1.7000000000000002,0.9
2020-06-13,25.1,26.0,3.7,1.6,0.5,0.5,5.6,14.8,12.1,1.3,-100,-100,-100,2.4,0.4,1.9,1.0
2020-06-17,26.0,28.7,3.1,1.9,-100,-100,8.3,11.7,12.0,-100,-100,-100,-100,2.0,-100,1.2,-100
2020-06-19,24.2,25.0,3.1,1.5,0.4,0.6,6.2,15.1,13.7,1.4,-100,-100,-100,2.8,0.4,1.5,1.0
2020-06-26,23.5,28.5,3.0,-100,-100,-100,6.0,13.0,13.5,-100,-100,-100,-100,2.0,-100,-100,-100
2020-06-27,22.4,26.0,-100,-100,-100,-100,8.3,15.1,11.3,-100,-100,-100,-100,-100,-100,-100,-100
2020-07-09,21.2,32.1,2.7,1.3,0.4,0.7,8.8,11.6,12.1,0.8,-100,-100,-100,1.5,0.4,0.9,0.6
2020-07-14,27.6,29.1,-100,-100,-100,-100,5.2,11.2,10.1,-100,-100,-100,-100,-100,-100,1.8,-100
2020-07-18,25.2,26.4,3.6,1.6,-100,-100,5.5,14.9,10.7,1.3,-100,-100,-100,2.4,0.4,2.1,-100
2020-07-19,19.4,32.4,2.8,1.0,0.5,0.8,8.7,12.3,12.6,1.0,-100,-100,-100,1.3,0.4,1.6,0.5
2020-07-31,24.4,28.7,3.5,1.6,0.6,0.9,5.3,14.6,11.9,1.2,0.7,-100,-100,2.2,0.4,2.2,1.0
2020-08-06,22.9,29.2,-100,-100,-100,-100,6.3,13.5,11.4,-100,-100,-100,-100,-100,-100,-100,-100
2020-08-21,20.2,28.7,3.6,1.5,-100,-100,9.5,15.9,11.4,1.3,-100,-100,-100,2.5,-100,1.2,-100
2020-08-29,24.7,26.9,3.5,1.5,-100,-100,5.7,15.0,10.7,1.3,-100,-100,-100,2.5,-100,2.4,-100
2020-08-30,24.1,27.3,3.4,1.7,0.6,0.6,8.7,14.3,9.6,1.3,-100,-100,-100,2.7,0.4,2.3,0.8
2020-09-19,23.8,26.25,3.25,1.5,0.4,0.6,6.4,15.25,12.25,1.2999999999999998,-100,-100,-100,2.6500000000000004,0.4,2.0,0.9
2020-09-20,24.0,25.8,-100,-100,-100,-100,8.8,13.7,10.8,-100,-100,-100,-100,-100,-100,-100,-100
2020-10-02,23.8,27.3,3.5,1.9,0.4,0.8,5.8,14.6,11.3,1.2,-100,-100,-100,1.9,0.4,1.5,0.8
2020-10-17,23.200000000000003,26.8,3.3,1.65,0.4,0.7,6.699999999999999,15.95,10.95,1.25,-100,-100,-100,2.8,0.4,2.5,-100
2020-10-23,23.866666666666664,27.066666666666663,3.3,1.9,-100,-100,6.8999999999999995,15.733333333333334,11.566666666666668,-100,-100,-100,-100,2.0,0.4,1.0,-100
2020-11-07,23.2,26.8,3.5,1.5,0.4,0.8,7.2,15.9,11.5,1.3,-100,-100,-100,2.5,0.4,2.1,0.8
2020-11-11,20.5,29.2,-100,-100,-100,-100,5.1,15.7,11.5,-100,-100,-100,-100,-100,-100,-100,-100
2020-11-12,18.0,28.8,2.9,1.2,0.3,0.5,8.5,16.8,11.6,1.0,-100,-100,-100,1.7,0.5,2.1,0.8
2020-11-20,23.5,23.6,-100,-100,-100,-100,8.9,17.2,9.8,-100,-100,-100,-100,-100,-100,-100,-100
2020-12-05,23.8,26.2,3.7,-100,-100,-100,5.3,15.9,13.0,-100,-100,-100,-100,-100,-100,-100,-100
2020-12-09,19.9,27.9,-100,-100,-100,-100,7.7,16.2,11.6,-100,-100,-100,-100,-100,-100,-100,-100
2020-12-14,25.6,28.0,3.4,1.7,0.6,1.0,7.1,13.1,9.5,1.5,-100,-100,-100,1.8,-100,1.4,0.8
2020-12-29,25.2,27.9,3.3,1.9,-100,-100,7.6,13.5,10.8,-100,-100,-100,-100,2.1,-100,1.0,-100
2020-12-30,24.3,26.2,3.5,1.5,0.4,1.0,6.7,15.2,11.7,1.2,-100,-100,-100,2.3,0.4,2.2,1.0
2021-01-05,22.9,26.7,3.4,1.8,0.8,0.6,6.7,16.7,10.5,1.3,-100,-100,-100,2.7,0.3,2.5,-100
2021-01-10,24.6,26.7,3.7,1.6,-100,-100,6.6,14.2,9.6,1.1,-100,-100,-100,2.0,-100,-100,-100
2021-01-11,17.9,31.3,3.2,1.7,0.2,0.6,9.5,15.0,9.6,1.0,-100,-100,-100,1.5,0.4,2.0,0.8
2021-01-13,21.1,26.3,-100,-100,-100,-100,8.9,15.2,10.7,-100,-100,-100,-100,-100,-100,-100,-100
2021-01-14,24.4,26.4,3.8,-100,-100,-100,5.2,15.6,12.5,-100,-100,-100,-100,-100,0.4,-100,-100
2021-01-15,23.7,27.0,3.9,1.6,0.5,0.9,6.7,14.8,11.8,1.2,-100,-100,-100,2.2,0.4,2.5,1.0
2021-01-25,20.5,30.7,2.9,1.6,0.5,0.5,9.3,13.0,10.7,0.9,-100,-100,-100,1.5,0.6,1.5,0.6
2021-02-05,18.8,28.8,-100,-100,-100,-100,9.2,16.9,10.3,-100,-100,-100,-100,-100,-100,-100,-100
2021-02-11,18.8,30.7,3.5,1.5,0.4,0.7,9.3,13.6,11.2,0.8,-100,-100,-100,1.3,0.4,1.7,0.9
2021-02-21,23.4,27.6,3.2,2.0,-100,-100,6.3,15.6,11.9,-100,-100,-100,-100,2.2,-100,0.9,-100
2021-02-22,22.1,28.7,3.4,-100,-100,-100,3.1,19.1,9.9,-100,-100,-100,-100,-100,0.4,-100,-100
2021-02-23,20.950000000000003,26.85,3.6,1.6,0.5,0.7,6.05,18.15,11.3,1.2,-100,-100,-100,2.1,0.4,2.6,1.1
2021-02-25,22.2,28.6,3.7,1.7,0.4,0.6,5.9,17.1,10.1,1.2,-100,-100,-100,2.2,0.4,1.5,1.1
2021-02-28,23.7,27.4,3.3,1.5,-100,-100,4.3,18.0,10.9,1.3,-100,-100,-100,2.2,-100,-100,-100
2021-03-03,22.9,27.2,3.2,2.1,-100,-100,5.4,17.4,11.7,-100,-100,-100,-100,2.0,-100,0.9,-100
2021-03-09,17.5,27.1,-100,-100,-100,-100,7.6,18.5,11.0,-100,-100,-100,-100,-100,-100,-100,-100
2021-03-31,24.8,26.6,3.3,1.5,-100,-100,4.0,17.4,11.5,1.3,-100,-100,-100,2.2,-100,-100,-100
2021-04-13,22.9,27.9,-100,-100,-100,-100,3.8,17.6,11.1,-100,-100,-100,-100,-100,-100,-100,-100
2021-04-14,20.8,30.0,3.2,1.7,0.2,0.4,4.0,18.8,10.8,0.9,-100,-100,-100,1.2,0.3,2.3,0.6
2021-04-16,27.0,28.7,3.2,1.9,0.4,0.6,4.5,14.5,9.2,1.1,-100,-100,-100,2.0,0.4,2.3,0.8
2021-05-06,25.9,25.3,3.4,1.6,0.4,0.6,2.3,16.9,10.3,1.3,-100,-100,-100,2.7,0.4,5.1,1.0
