date,Con,Lab,LibDem,UKIP,Green,SNP,PLPW,BP,ChUK
2014-01-02,30.0,37.0,8.0,17.0,3.0,-100,-100,-100,-100
2014-01-03,31.0,35.0,11.0,16.0,2.0,-100,-100,-100,-100
2014-01-06,32.0,40.0,9.0,12.0,2.0,-100,-100,-100,-100
2014-01-07,32.0,37.0,10.0,14.0,3.0,-100,-100,-100,-100
2014-01-08,32.0,38.0,9.0,13.0,3.0,-100,-100,-100,-100
2014-01-09,32.5,39.0,10.0,10.5,2.5,-100,-100,-100,-100
2014-01-10,31.0,40.0,9.0,14.0,2.0,-100,-100,-100,-100
2014-01-11,33.0,38.0,12.0,9.0,3.0,-100,-100,-100,-100
2014-01-12,32.0,35.0,14.0,10.0,3.0,-100,-100,-100,-100
2014-01-13,33.0,38.0,11.0,12.0,2.0,-100,-100,-100,-100
2014-01-14,32.0,38.0,11.0,12.0,2.5,-100,-100,-100,-100
2014-01-15,31.5,36.5,11.0,15.0,2.0,-100,-100,-100,-100
2014-01-16,31.25,37.5,9.75,14.25,2.5,-100,-100,-100,-100
2014-01-17,33.0,39.0,8.0,13.0,2.0,-100,-100,-100,-100
2014-01-19,32.0,39.0,12.0,9.0,3.0,-100,-100,-100,-100
2014-01-20,31.0,39.0,9.5,14.0,2.5,-100,-100,-100,-100
2014-01-21,34.0,38.0,9.0,13.0,3.0,-100,-100,-100,-100
2014-01-22,32.0,40.0,8.0,12.0,3.0,-100,-100,-100,-100
2014-01-23,33.5,39.0,9.5,10.5,2.5,-100,-100,-100,-100
2014-01-24,32.0,39.0,9.0,13.0,2.0,-100,-100,-100,-100
2014-01-26,32.5,36.5,10.0,11.0,4.0,-100,-100,-100,-100
2014-01-27,35.0,37.0,9.0,13.0,2.0,-100,-100,-100,-100
2014-01-28,34.0,37.0,9.0,12.0,3.0,-100,-100,-100,-100
2014-01-29,35.0,38.0,10.0,11.0,2.0,-100,-100,-100,-100
2014-01-30,32.0,40.5,9.5,11.0,2.5,-100,-100,-100,-100
2014-01-31,31.5,37.5,8.0,14.0,3.0,-100,-100,-100,-100
2014-02-02,32.0,41.0,11.0,9.0,3.0,-100,-100,-100,-100
2014-02-03,32.0,38.0,11.5,10.5,2.0,-100,-100,-100,-100
2014-02-04,33.0,39.0,8.0,13.0,3.0,-100,-100,-100,-100
2014-02-05,35.0,39.0,9.0,10.0,2.0,-100,-100,-100,-100
2014-02-06,32.5,37.0,9.5,14.5,2.0,-100,-100,-100,-100
2014-02-07,35.0,39.0,10.0,10.0,3.0,-100,-100,-100,-100
2014-02-09,34.0,37.0,10.5,11.5,3.0,-100,-100,-100,-100
2014-02-10,33.0,39.0,10.0,12.0,2.0,-100,-100,-100,-100
2014-02-11,34.0,39.0,10.0,11.0,2.0,-100,-100,-100,-100
2014-02-12,32.0,39.0,8.0,13.0,2.0,-100,-100,-100,-100
2014-02-13,32.333333333333336,38.0,9.0,13.666666666666666,2.3333333333333335,-100,-100,-100,-100
2014-02-14,30.0,38.0,8.5,14.5,2.5,-100,-100,-100,-100
2014-02-16,33.0,38.0,10.0,13.0,3.0,-100,-100,-100,-100
2014-02-17,33.0,40.0,9.0,11.0,2.0,-100,-100,-100,-100
2014-02-18,33.0,40.0,8.0,12.0,3.0,-100,-100,-100,-100
2014-02-19,33.0,37.0,10.0,12.0,3.0,-100,-100,-100,-100
2014-02-20,33.0,38.5,9.0,12.5,2.5,-100,-100,-100,-100
2014-02-21,32.0,39.0,8.0,12.0,2.0,-100,-100,-100,-100
2014-02-23,32.0,37.0,10.0,15.0,2.0,-100,-100,-100,-100
2014-02-24,33.0,38.0,10.0,13.0,2.0,-100,-100,-100,-100
2014-02-25,33.0,39.0,10.0,11.0,3.0,-100,-100,-100,-100
2014-02-26,34.0,40.0,10.0,11.0,3.0,-100,-100,-100,-100
2014-02-27,33.333333333333336,38.0,9.0,13.0,3.0,-100,-100,-100,-100
2014-02-28,31.0,36.0,9.5,16.0,2.5,-100,-100,-100,-100
2014-03-02,32.0,37.5,10.0,11.5,3.5,-100,-100,-100,-100
2014-03-03,32.0,41.0,8.0,12.0,1.0,-100,-100,-100,-100
2014-03-04,34.0,38.0,9.0,13.0,2.0,-100,-100,-100,-100
2014-03-05,34.0,37.0,10.0,11.0,3.0,-100,-100,-100,-100
2014-03-06,32.5,38.5,9.0,12.5,3.0,-100,-100,-100,-100
2014-03-07,32.0,39.0,10.0,14.0,2.0,-100,-100,-100,-100
2014-03-09,34.0,38.0,9.0,12.0,3.0,-100,-100,-100,-100
2014-03-10,32.0,39.0,8.0,13.0,3.0,-100,-100,-100,-100
2014-03-11,34.5,38.0,11.0,10.5,2.5,-100,-100,-100,-100
2014-03-12,32.333333333333336,35.666666666666664,10.666666666666666,13.333333333333334,3.3333333333333335,-100,-100,-100,-100
2014-03-13,33.0,36.0,10.0,13.0,2.3333333333333335,-100,-100,-100,-100
2014-03-14,33.0,40.0,8.0,12.0,2.0,-100,-100,-100,-100
2014-03-16,32.0,36.0,10.0,13.0,3.0,-100,-100,-100,-100
2014-03-17,32.0,40.0,9.0,11.0,3.0,-100,-100,-100,-100
2014-03-18,34.0,38.0,11.0,11.0,3.0,-100,-100,-100,-100
2014-03-19,33.0,38.0,11.0,11.0,3.0,-100,-100,-100,-100
2014-03-20,34.0,38.5,9.5,11.0,2.0,-100,-100,-100,-100
2014-03-21,35.0,36.0,9.0,13.0,2.0,-100,-100,-100,-100
2014-03-23,32.5,35.5,9.5,12.0,3.5,-100,-100,-100,-100
2014-03-24,36.0,38.0,10.0,10.0,2.0,-100,-100,-100,-100
2014-03-25,35.0,38.0,10.0,10.0,2.0,-100,-100,-100,-100
2014-03-26,35.0,37.0,9.0,11.0,2.0,-100,-100,-100,-100
2014-03-27,35.0,36.0,10.0,11.0,3.0,-100,-100,-100,-100
2014-03-28,33.333333333333336,36.666666666666664,9.0,12.666666666666666,2.6666666666666665,-100,-100,-100,-100
2014-03-30,34.0,37.0,9.5,11.5,3.0,-100,-100,-100,-100
2014-03-31,34.0,37.0,11.0,13.0,2.0,-100,-100,-100,-100
2014-04-01,33.0,37.0,10.0,12.0,2.0,-100,-100,-100,-100
2014-04-02,32.0,38.0,10.0,13.0,2.0,-100,-100,-100,-100
2014-04-03,32.5,37.5,10.0,13.0,2.5,-100,-100,-100,-100
2014-04-04,31.5,37.5,9.5,16.0,2.0,-100,-100,-100,-100
2014-04-06,34.0,37.0,9.0,14.0,3.0,-100,-100,-100,-100
2014-04-07,32.0,36.5,9.5,14.5,2.5,-100,-100,-100,-100
2014-04-08,33.0,37.0,10.0,13.0,2.0,-100,-100,-100,-100
2014-04-09,33.0,36.0,10.0,14.0,2.0,-100,-100,-100,-100
2014-04-10,31.25,36.0,8.25,16.0,2.75,-100,-100,-100,-100
2014-04-11,32.0,38.0,8.0,14.0,2.0,-100,-100,-100,-100
2014-04-13,31.666666666666668,36.0,10.666666666666666,12.0,2.6666666666666665,-100,-100,-100,-100
2014-04-14,33.0,38.0,9.0,12.0,3.0,-100,-100,-100,-100
2014-04-15,34.0,37.0,10.0,13.0,2.0,-100,-100,-100,-100
2014-04-16,33.5,37.0,9.0,12.5,3.0,-100,-100,-100,-100
2014-04-17,33.0,35.0,11.0,15.0,2.0,-100,-100,-100,-100
2014-04-21,33.0,36.0,10.0,13.0,3.0,-100,-100,-100,-100
2014-04-22,34.0,37.0,10.0,12.0,2.0,-100,-100,-100,-100
2014-04-23,32.0,37.0,10.0,15.0,2.0,-100,-100,-100,-100
2014-04-24,33.5,36.5,8.5,13.5,3.5,-100,-100,-100,-100
2014-04-25,31.5,35.0,8.0,16.5,3.5,-100,-100,-100,-100
2014-04-27,32.0,35.0,10.0,15.0,3.0,-100,-100,-100,-100
2014-04-28,32.0,37.0,10.0,15.0,2.0,-100,-100,-100,-100
2014-04-29,32.0,37.0,9.0,14.0,3.0,-100,-100,-100,-100
2014-04-30,31.0,37.0,9.0,15.0,3.0,-100,-100,-100,-100
2014-05-01,33.5,35.75,9.75,14.0,2.75,-100,-100,-100,-100
2014-05-02,33.0,36.0,9.0,15.0,4.0,-100,-100,-100,-100
2014-05-03,33.0,34.0,8.0,18.0,4.0,-100,-100,-100,-100
2014-05-05,33.0,36.0,8.0,14.0,4.0,-100,-100,-100,-100
2014-05-06,34.0,35.0,9.0,14.0,3.0,-100,-100,-100,-100
2014-05-07,34.0,37.0,8.0,13.0,3.0,-100,-100,-100,-100
2014-05-08,31.666666666666668,34.666666666666664,8.333333333333334,16.333333333333332,4.0,-100,-100,-100,-100
2014-05-09,29.5,35.5,9.5,16.5,3.5,-100,-100,-100,-100
2014-05-11,34.0,33.0,10.0,14.333333333333334,4.0,-100,-100,-100,-100
2014-05-12,33.0,35.0,9.0,12.5,5.5,-100,-100,-100,-100
2014-05-13,34.0,34.0,8.0,15.0,3.0,-100,-100,-100,-100
2014-05-14,32.0,35.0,10.0,13.0,4.0,-100,-100,-100,-100
2014-05-15,31.666666666666668,35.0,8.666666666666666,15.0,3.6666666666666665,-100,-100,-100,-100
2014-05-16,34.0,37.0,9.0,13.0,4.0,-100,-100,-100,-100
2014-05-18,31.333333333333332,34.666666666666664,8.333333333333334,14.0,4.333333333333333,-100,-100,-100,-100
2014-05-19,33.0,37.0,9.0,11.0,6.0,-100,-100,-100,-100
2014-05-20,30.5,34.5,10.0,16.5,3.0,-100,-100,-100,-100
2014-05-21,33.0,36.0,9.0,13.0,4.0,-100,-100,-100,-100
2014-05-22,34.0,35.0,9.0,14.0,4.0,-100,-100,-100,-100
2014-05-23,31.0,33.333333333333336,8.333333333333334,18.333333333333332,4.0,-100,-100,-100,-100
2014-05-25,29.0,31.0,8.0,17.0,7.0,-100,-100,-100,-100
2014-05-26,34.0,36.0,9.0,14.0,3.0,-100,-100,-100,-100
2014-05-27,32.0,34.0,8.0,15.0,5.0,-100,-100,-100,-100
2014-05-28,32.0,36.0,9.0,14.0,5.0,-100,-100,-100,-100
2014-05-29,32.5,36.5,8.0,15.0,4.0,-100,-100,-100,-100
2014-05-30,33.0,36.0,7.0,15.0,4.0,-100,-100,-100,-100
2014-06-01,28.5,35.5,8.0,16.0,5.0,-100,-100,-100,-100
2014-06-02,30.0,36.0,8.0,17.0,5.0,-100,-100,-100,-100
2014-06-03,32.0,36.0,8.0,14.0,5.0,-100,-100,-100,-100
2014-06-04,32.0,37.0,7.0,13.0,5.0,-100,-100,-100,-100
2014-06-05,31.0,36.0,7.0,17.0,4.5,-100,-100,-100,-100
2014-06-06,33.5,36.0,8.0,14.0,5.0,-100,-100,-100,-100
2014-06-08,31.5,34.0,8.5,15.5,5.0,-100,-100,-100,-100
2014-06-09,31.0,37.0,7.0,15.0,5.0,-100,-100,-100,-100
2014-06-10,35.0,37.0,8.0,12.0,3.0,-100,-100,-100,-100
2014-06-11,34.0,36.0,6.0,14.0,5.0,-100,-100,-100,-100
2014-06-12,31.5,36.0,7.5,16.0,5.5,-100,-100,-100,-100
2014-06-13,32.5,35.5,7.5,15.5,4.5,-100,-100,-100,-100
2014-06-15,31.0,34.666666666666664,9.0,14.666666666666666,5.333333333333333,-100,-100,-100,-100
2014-06-16,32.0,36.0,10.0,14.0,5.0,-100,-100,-100,-100
2014-06-17,32.5,35.5,7.5,13.5,6.0,-100,-100,-100,-100
2014-06-18,34.0,38.0,7.0,13.0,5.0,-100,-100,-100,-100
2014-06-19,32.666666666666664,36.0,7.666666666666667,15.0,3.6666666666666665,-100,-100,-100,-100
2014-06-20,32.0,38.0,8.0,14.0,5.0,-100,-100,-100,-100
2014-06-22,30.0,35.0,9.0,15.0,5.0,-100,-100,-100,-100
2014-06-23,32.0,36.0,9.0,15.0,4.0,-100,-100,-100,-100
2014-06-24,33.0,36.0,8.0,15.0,4.0,-100,-100,-100,-100
2014-06-25,32.0,37.0,7.0,14.0,5.0,-100,-100,-100,-100
2014-06-26,33.5,36.5,8.0,13.0,4.5,-100,-100,-100,-100
2014-06-27,30.0,36.5,7.5,18.0,5.0,-100,-100,-100,-100
2014-06-29,32.0,33.333333333333336,8.666666666666666,15.0,5.0,-100,-100,-100,-100
2014-06-30,35.0,37.0,8.0,12.0,3.0,-100,-100,-100,-100
2014-07-01,33.0,38.0,8.0,11.0,5.0,-100,-100,-100,-100
2014-07-02,35.0,37.0,8.0,12.0,5.0,-100,-100,-100,-100
2014-07-03,32.666666666666664,35.333333333333336,8.0,14.666666666666666,4.333333333333333,-100,-100,-100,-100
2014-07-04,34.0,36.0,8.0,13.0,5.0,-100,-100,-100,-100
2014-07-06,29.0,36.0,10.0,14.5,5.0,-100,-100,-100,-100
2014-07-07,34.0,37.0,9.0,13.0,4.0,-100,-100,-100,-100
2014-07-08,31.0,38.0,8.0,12.0,5.0,-100,-100,-100,-100
2014-07-09,32.0,36.0,10.0,12.0,5.0,-100,-100,-100,-100
2014-07-10,34.0,36.5,8.0,12.0,4.0,-100,-100,-100,-100
2014-07-11,33.0,38.0,9.0,12.0,4.0,-100,-100,-100,-100
2014-07-13,33.333333333333336,35.333333333333336,9.333333333333334,11.666666666666666,5.0,-100,-100,-100,-100
2014-07-14,35.0,38.0,8.0,10.0,4.0,-100,-100,-100,-100
2014-07-15,33.0,36.5,7.0,12.5,6.0,-100,-100,-100,-100
2014-07-16,33.0,36.0,9.0,13.0,4.0,-100,-100,-100,-100
2014-07-17,31.5,36.0,8.0,15.75,5.0,-100,-100,-100,-100
2014-07-18,31.5,35.5,9.0,15.0,4.5,-100,-100,-100,-100
2014-07-20,29.5,36.0,8.0,15.0,5.5,-100,-100,-100,-100
2014-07-21,34.0,38.0,9.0,11.0,4.0,-100,-100,-100,-100
2014-07-22,34.0,37.0,7.0,14.0,5.0,-100,-100,-100,-100
2014-07-23,34.0,38.0,8.0,12.0,4.0,-100,-100,-100,-100
2014-07-24,35.0,37.5,8.5,10.0,4.0,-100,-100,-100,-100
2014-07-25,35.0,36.0,8.0,13.0,5.0,-100,-100,-100,-100
2014-07-27,30.666666666666668,34.666666666666664,8.666666666666666,14.333333333333334,5.666666666666667,-100,-100,-100,-100
2014-07-28,33.0,39.0,8.0,12.0,4.0,-100,-100,-100,-100
2014-07-29,34.0,35.0,8.0,12.0,6.0,-100,-100,-100,-100
2014-07-30,35.0,37.0,8.0,12.0,4.0,-100,-100,-100,-100
2014-07-31,34.5,37.0,8.0,13.0,4.0,-100,-100,-100,-100
2014-08-01,33.5,36.5,7.0,13.5,4.5,-100,-100,-100,-100
2014-08-03,32.5,35.0,8.5,15.0,4.5,-100,-100,-100,-100
2014-08-04,34.0,38.0,6.0,13.0,4.0,-100,-100,-100,-100
2014-08-05,33.0,38.0,8.0,12.0,4.0,-100,-100,-100,-100
2014-08-06,34.0,37.0,9.0,12.0,4.0,-100,-100,-100,-100
2014-08-07,34.5,36.5,8.0,11.5,3.5,-100,-100,-100,-100
2014-08-08,33.0,37.0,8.0,13.0,4.0,-100,-100,-100,-100
2014-08-10,31.0,38.0,12.0,10.0,4.0,-100,-100,-100,-100
2014-08-11,33.0,35.666666666666664,8.0,12.333333333333334,5.0,-100,-100,-100,-100
2014-08-12,35.0,38.0,8.0,11.0,4.0,-100,-100,-100,-100
2014-08-13,34.0,36.0,10.0,12.0,4.0,-100,-100,-100,-100
2014-08-14,33.5,35.0,8.5,13.0,5.0,-100,-100,-100,-100
2014-08-15,31.0,35.0,8.5,17.0,4.0,-100,-100,-100,-100
2014-08-17,32.0,37.0,9.0,14.0,3.0,-100,-100,-100,-100
2014-08-18,33.0,38.0,8.0,12.0,4.0,-100,-100,-100,-100
2014-08-19,36.0,37.0,9.0,12.0,3.0,-100,-100,-100,-100
2014-08-20,34.0,38.0,9.0,11.0,4.0,-100,-100,-100,-100
2014-08-21,33.0,38.5,8.5,11.5,4.0,-100,-100,-100,-100
2014-08-22,33.0,35.0,8.0,16.0,4.0,-100,-100,-100,-100
2014-08-25,32.0,38.0,8.0,15.0,3.0,-100,-100,-100,-100
2014-08-26,33.0,37.0,8.0,13.0,5.0,-100,-100,-100,-100
2014-08-27,34.0,35.0,7.0,14.0,6.0,-100,-100,-100,-100
2014-08-28,34.0,35.0,7.5,13.0,5.0,-100,-100,-100,-100
2014-08-29,31.0,36.0,7.0,16.0,4.0,-100,-100,-100,-100
2014-08-31,30.0,35.5,9.0,16.0,4.5,-100,-100,-100,-100
2014-09-01,34.0,35.0,7.0,14.0,5.0,-100,-100,-100,-100
2014-09-02,32.0,35.0,8.0,15.0,5.0,-100,-100,-100,-100
2014-09-03,33.0,36.0,7.0,14.0,5.0,-100,-100,-100,-100
2014-09-04,32.0,37.0,7.5,15.0,4.5,-100,-100,-100,-100
2014-09-05,33.0,35.0,7.0,15.0,4.0,-100,-100,-100,-100
2014-09-07,31.0,35.5,8.5,15.0,5.0,-100,-100,-100,-100
2014-09-08,31.0,36.0,8.0,16.0,5.0,-100,-100,-100,-100
2014-09-09,32.0,34.5,7.5,15.5,5.5,-100,-100,-100,-100
2014-09-10,32.0,38.0,6.0,14.0,5.0,-100,-100,-100,-100
2014-09-11,31.0,36.333333333333336,7.666666666666667,16.0,3.6666666666666665,-100,-100,-100,-100
2014-09-12,31.5,35.0,7.5,17.0,4.5,-100,-100,-100,-100
2014-09-14,33.333333333333336,34.333333333333336,9.333333333333334,12.0,5.333333333333333,-100,-100,-100,-100
2014-09-15,31.0,35.0,7.0,15.0,6.0,-100,-100,-100,-100
2014-09-16,31.5,35.5,9.0,15.0,5.0,-100,-100,-100,-100
2014-09-17,31.5,35.5,7.5,16.0,5.0,-100,-100,-100,-100
2014-09-18,32.5,35.5,8.5,14.5,4.5,-100,-100,-100,-100
2014-09-19,31.0,36.0,7.0,16.0,5.0,-100,-100,-100,-100
2014-09-21,30.0,35.0,9.0,14.5,5.0,-100,-100,-100,-100
2014-09-22,33.0,35.0,7.0,14.0,5.0,-100,-100,-100,-100
2014-09-23,31.0,37.0,7.0,15.0,5.0,-100,-100,-100,-100
2014-09-24,33.0,37.0,7.0,13.0,5.0,-100,-100,-100,-100
2014-09-25,32.0,37.0,8.0,13.0,4.0,-100,-100,-100,-100
2014-09-26,30.666666666666668,35.0,6.666666666666667,17.0,4.666666666666667,-100,-100,-100,-100
2014-09-28,31.666666666666668,34.333333333333336,8.333333333333334,15.333333333333334,4.333333333333333,-100,-100,-100,-100
2014-09-29,31.0,36.0,7.0,16.0,4.0,-100,-100,-100,-100
2014-09-30,31.0,36.0,7.0,15.0,5.0,-100,-100,-100,-100
2014-10-01,31.0,38.0,7.0,15.0,5.0,-100,-100,-100,-100
2014-10-02,34.0,36.0,7.0,13.5,4.0,-100,-100,-100,-100
2014-10-03,36.0,34.0,7.0,13.0,5.0,-100,-100,-100,-100
2014-10-05,31.5,33.5,7.5,16.0,5.0,-100,-100,-100,-100
2014-10-06,35.0,33.0,8.0,13.0,4.0,-100,-100,-100,-100
2014-10-07,32.0,34.0,8.0,15.0,5.0,-100,-100,-100,-100
2014-10-08,33.0,34.0,7.0,14.0,6.0,-100,-100,-100,-100
2014-10-09,30.75,34.75,8.75,15.75,4.25,-100,-100,-100,-100
2014-10-10,31.5,32.5,8.0,20.5,3.5,-100,-100,-100,-100
2014-10-12,31.333333333333332,34.333333333333336,9.333333333333334,15.333333333333334,4.0,-100,-100,-100,-100
2014-10-13,31.0,34.0,7.0,17.0,4.0,-100,-100,-100,-100
2014-10-14,30.0,33.5,8.0,17.0,5.0,-100,-100,-100,-100
2014-10-15,31.0,33.0,7.0,19.0,5.0,-100,-100,-100,-100
2014-10-16,31.666666666666668,33.666666666666664,8.333333333333334,17.0,5.0,-100,-100,-100,-100
2014-10-17,32.0,35.0,7.0,16.0,5.0,-100,-100,-100,-100
2014-10-19,31.0,33.5,8.0,15.5,5.5,-100,-100,-100,-100
2014-10-20,31.0,33.0,7.0,15.0,6.0,-100,-100,-100,-100
2014-10-21,32.0,33.0,8.0,16.0,5.0,-100,-100,-100,-100
2014-10-22,31.0,33.0,7.0,17.0,6.0,-100,-100,-100,-100
2014-10-23,33.5,34.5,7.5,15.0,4.5,-100,-100,-100,-100
2014-10-24,33.0,33.0,6.5,17.0,5.0,-100,-100,-100,-100
2014-10-26,31.666666666666668,32.333333333333336,8.0,16.666666666666668,4.0,-100,-100,-100,-100
2014-10-27,32.0,32.0,8.0,18.0,6.0,-100,-100,-100,-100
2014-10-28,32.0,33.0,8.0,17.0,5.0,-100,-100,-100,-100
2014-10-29,31.0,34.0,6.0,17.0,7.0,-100,-100,-100,-100
2014-10-30,33.5,33.0,7.5,15.0,6.0,-100,-100,-100,-100
2014-10-31,31.0,32.0,7.0,18.0,6.0,-100,-100,-100,-100
2014-11-01,27.0,31.0,9.0,24.0,3.0,-100,-100,-100,-100
2014-11-02,32.0,32.0,9.5,14.5,5.0,-100,-100,-100,-100
2014-11-03,33.0,34.0,8.0,15.0,5.0,-100,-100,-100,-100
2014-11-04,32.0,34.0,7.0,15.0,6.0,-100,-100,-100,-100
2014-11-05,32.0,33.0,7.0,17.0,7.0,-100,-100,-100,-100
2014-11-06,32.5,34.0,8.5,14.5,5.5,-100,-100,-100,-100
2014-11-07,30.333333333333332,33.0,7.333333333333333,19.333333333333332,4.666666666666667,-100,-100,-100,-100
2014-11-09,31.666666666666668,32.333333333333336,9.666666666666666,14.333333333333334,5.666666666666667,-100,-100,-100,-100
2014-11-10,32.0,31.0,7.5,15.5,6.5,-100,-100,-100,-100
2014-11-11,33.0,34.0,7.0,15.0,6.0,-100,-100,-100,-100
2014-11-12,32.0,35.0,7.0,15.0,6.0,-100,-100,-100,-100
2014-11-13,33.0,33.5,8.5,14.0,5.0,-100,-100,-100,-100
2014-11-14,30.5,33.5,7.5,18.5,4.0,-100,-100,-100,-100
2014-11-16,32.0,33.0,8.0,13.5,6.0,-100,-100,-100,-100
2014-11-17,33.5,32.5,6.0,16.5,6.5,-100,-100,-100,-100
2014-11-18,32.0,34.0,7.0,15.0,6.0,-100,-100,-100,-100
2014-11-19,34.0,33.0,7.0,14.0,6.0,-100,-100,-100,-100
2014-11-20,32.333333333333336,34.0,7.666666666666667,16.0,4.666666666666667,-100,-100,-100,-100
2014-11-21,33.0,33.5,7.5,15.5,5.5,-100,-100,-100,-100
2014-11-23,29.0,34.0,8.0,16.5,6.0,-100,-100,-100,-100
2014-11-24,30.0,33.5,6.5,18.5,6.0,-100,-100,-100,-100
2014-11-25,32.0,33.0,7.0,16.0,6.0,-100,-100,-100,-100
2014-11-26,33.0,32.0,6.0,16.0,7.0,-100,-100,-100,-100
2014-11-27,31.0,33.0,7.666666666666667,16.666666666666668,5.333333333333333,-100,-100,-100,-100
2014-11-28,32.0,34.0,7.0,15.0,6.0,-100,-100,-100,-100
2014-11-30,30.0,32.666666666666664,8.333333333333334,16.0,6.0,-100,-100,-100,-100
2014-12-01,32.0,32.0,8.0,15.0,6.0,-100,-100,-100,-100
2014-12-02,32.0,33.0,7.0,16.0,7.0,-100,-100,-100,-100
2014-12-03,32.0,31.0,6.0,17.0,7.0,-100,-100,-100,-100
2014-12-04,31.0,33.666666666666664,7.333333333333333,16.0,6.0,-100,-100,-100,-100
2014-12-05,32.0,32.0,6.0,17.0,7.0,-100,-100,-100,-100
2014-12-07,31.5,33.5,8.0,17.0,4.5,-100,-100,-100,-100
2014-12-08,34.0,33.0,6.0,15.0,6.0,-100,-100,-100,-100
2014-12-09,32.0,32.0,8.0,15.0,7.0,-100,-100,-100,-100
2014-12-10,33.0,33.0,6.0,15.0,7.0,-100,-100,-100,-100
2014-12-11,33.0,34.5,8.0,14.0,5.5,-100,-100,-100,-100
2014-12-12,32.5,33.0,7.5,17.0,4.5,-100,-100,-100,-100
2014-12-14,31.5,34.0,11.0,14.0,5.0,-100,-100,-100,-100
2014-12-15,30.666666666666668,32.666666666666664,6.666666666666667,15.333333333333334,8.0,-100,-100,-100,-100
2014-12-16,30.5,33.5,10.0,15.0,5.5,-100,-100,-100,-100
2014-12-17,33.0,33.0,8.0,14.0,7.0,-100,-100,-100,-100
2014-12-18,32.0,35.0,7.5,14.5,6.0,-100,-100,-100,-100
2014-12-19,30.333333333333332,34.333333333333336,7.333333333333333,17.333333333333332,5.333333333333333,-100,-100,-100,-100
2014-12-21,35.0,35.0,9.0,12.0,4.0,-100,-100,-100,-100
2014-12-22,32.0,36.0,6.0,16.0,5.0,-100,-100,-100,-100
2014-12-23,29.0,33.0,6.0,19.0,6.0,-100,-100,-100,-100
2015-01-02,32.0,33.0,8.0,17.0,4.0,-100,-100,-100,-100
2015-01-04,34.0,36.0,9.0,12.0,5.0,-100,-100,-100,-100
2015-01-05,31.0,34.0,7.0,14.0,8.0,-100,-100,-100,-100
2015-01-06,33.0,33.0,7.0,13.0,8.0,-100,-100,-100,-100
2015-01-07,32.0,33.0,7.0,15.0,7.0,-100,-100,-100,-100
2015-01-08,31.333333333333332,34.0,7.333333333333333,15.0,6.0,-100,-100,-100,-100
2015-01-09,32.0,32.0,7.0,18.0,6.0,-100,-100,-100,-100
2015-01-11,33.0,32.5,9.0,14.5,6.0,-100,-100,-100,-100
2015-01-12,32.0,33.0,6.0,17.0,6.0,-100,-100,-100,-100
2015-01-13,32.5,33.5,7.5,12.5,7.5,-100,-100,-100,-100
2015-01-14,32.0,34.0,6.0,15.0,7.0,-100,-100,-100,-100
2015-01-15,31.2,33.4,7.2,16.8,6.0,-100,-100,-100,-100
2015-01-16,31.0,32.0,7.0,18.0,7.0,-100,-100,-100,-100
2015-01-18,32.0,32.0,8.5,14.0,7.5,-100,-100,-100,-100
2015-01-19,31.0,32.0,9.0,14.0,7.666666666666667,-100,-100,-100,-100
2015-01-20,32.0,30.0,8.0,15.0,10.0,-100,-100,-100,-100
2015-01-21,33.0,34.0,6.0,14.0,8.0,-100,-100,-100,-100
2015-01-22,31.5,34.5,8.0,15.0,7.0,-100,-100,-100,-100
2015-01-23,32.0,32.0,7.0,15.0,7.0,-100,-100,-100,-100
2015-01-25,32.0,31.75,7.5,17.0,6.25,-100,-100,-100,-100
2015-01-26,31.0,36.0,5.0,14.5,7.5,-100,-100,-100,-100
2015-01-27,34.0,33.0,7.0,14.0,7.0,-100,-100,-100,-100
2015-01-28,33.0,33.0,6.0,16.0,7.0,-100,-100,-100,-100
2015-01-29,34.0,34.5,8.0,14.0,5.5,-100,-100,-100,-100
2015-01-30,32.0,34.0,6.0,16.5,6.0,-100,-100,-100,-100
2015-02-01,31.0,31.0,8.0,15.0,9.0,-100,-100,-100,-100
2015-02-02,30.333333333333332,34.0,7.0,15.333333333333334,6.333333333333333,-100,-100,-100,-100
2015-02-03,33.0,33.0,7.0,14.0,7.0,-100,-100,-100,-100
2015-02-04,34.0,33.0,6.0,13.0,7.0,-100,-100,-100,-100
2015-02-05,31.5,33.5,8.5,15.5,5.0,-100,-100,-100,-100
2015-02-06,32.0,33.5,7.0,15.0,8.0,-100,-100,-100,-100
2015-02-08,33.5,32.5,8.5,14.5,5.0,-100,-100,-100,-100
2015-02-09,34.0,33.0,7.0,14.0,7.0,-100,-100,-100,-100
2015-02-10,33.5,35.5,6.0,11.0,7.5,-100,-100,-100,-100
2015-02-11,32.0,33.0,7.0,15.0,7.0,-100,-100,-100,-100
2015-02-12,31.75,34.25,7.75,14.75,5.75,-100,-100,-100,-100
2015-02-13,32.0,35.0,7.0,15.0,7.0,-100,-100,-100,-100
2015-02-15,32.333333333333336,32.0,9.666666666666666,13.333333333333334,6.666666666666667,-100,-100,-100,-100
2015-02-16,30.0,33.5,6.0,17.0,7.5,-100,-100,-100,-100
2015-02-17,33.0,34.0,6.0,15.0,7.0,-100,-100,-100,-100
2015-02-18,32.0,34.0,8.0,14.0,6.0,-100,-100,-100,-100
2015-02-19,31.5,32.5,9.0,16.0,6.0,-100,-100,-100,-100
2015-02-20,34.0,33.5,7.0,14.0,6.5,-100,-100,-100,-100
2015-02-22,32.0,34.0,8.0,13.0,7.0,-100,-100,-100,-100
2015-02-23,31.666666666666668,33.0,8.666666666666666,15.0,6.333333333333333,-100,-100,-100,-100
2015-02-24,35.0,33.0,6.0,14.0,7.0,-100,-100,-100,-100
2015-02-25,33.0,33.0,8.0,15.0,6.0,-100,-100,-100,-100
2015-02-26,33.5,34.5,7.0,13.5,6.0,-100,-100,-100,-100
2015-02-27,32.5,33.5,8.5,15.0,5.5,-100,-100,-100,-100
2015-03-01,33.0,32.5,7.5,14.0,6.0,-100,-100,-100,-100
2015-03-02,35.0,32.0,7.0,15.0,6.0,-100,-100,-100,-100
2015-03-03,36.0,34.0,5.0,14.0,6.0,-100,-100,-100,-100
2015-03-04,34.0,34.0,8.0,14.0,6.0,-100,-100,-100,-100
2015-03-05,31.0,34.0,7.0,15.5,6.5,-100,-100,-100,-100
2015-03-06,34.0,33.5,8.0,14.5,6.0,-100,-100,-100,-100
2015-03-08,33.0,31.5,7.0,15.0,7.0,-100,-100,-100,-100
2015-03-09,35.0,31.0,8.0,14.0,6.0,-100,-100,-100,-100
2015-03-10,33.0,31.0,8.0,15.0,6.0,-100,-100,-100,-100
2015-03-11,33.5,34.5,7.5,13.5,5.5,-100,-100,-100,-100
2015-03-12,31.666666666666668,33.0,7.333333333333333,16.0,6.333333333333333,-100,-100,-100,-100
2015-03-13,33.5,34.5,7.0,15.0,4.5,-100,-100,-100,-100
2015-03-15,33.666666666666664,32.666666666666664,8.0,13.0,5.666666666666667,-100,-100,-100,-100
2015-03-16,33.0,33.5,7.0,15.0,5.5,-100,-100,-100,-100
2015-03-17,34.0,36.0,7.0,12.0,6.0,-100,-100,-100,-100
2015-03-18,33.0,34.0,8.0,14.0,6.0,-100,-100,-100,-100
2015-03-19,34.0,33.333333333333336,8.0,14.666666666666666,5.666666666666667,-100,-100,-100,-100
2015-03-20,33.0,35.0,8.0,14.0,5.0,-100,-100,-100,-100
2015-03-21,30.0,34.0,10.0,17.0,3.0,-100,-100,-100,-100
2015-03-22,33.0,33.666666666666664,8.333333333333334,12.666666666666666,5.666666666666667,-100,-100,-100,-100
2015-03-23,34.0,33.5,8.0,13.0,5.5,-100,-100,-100,-100
2015-03-24,35.0,35.0,8.0,12.0,6.0,-100,-100,-100,-100
2015-03-25,33.333333333333336,33.666666666666664,8.0,14.333333333333334,5.666666666666667,-100,-100,-100,-100
2015-03-26,33.666666666666664,33.666666666666664,7.0,14.666666666666666,5.333333333333333,-100,-100,-100,-100
2015-03-28,32.0,36.0,8.0,13.0,6.0,-100,-100,-100,-100
2015-03-29,35.333333333333336,33.333333333333336,7.666666666666667,12.333333333333334,5.333333333333333,-100,-100,-100,-100
2015-03-30,34.0,33.5,8.0,14.0,5.0,-100,-100,-100,-100
2015-03-31,35.0,36.0,7.0,12.0,5.0,-100,-100,-100,-100
2015-04-01,34.0,34.0,8.5,14.0,4.5,-100,-100,-100,-100
2015-04-02,35.0,34.0,7.0,14.5,5.0,-100,-100,-100,-100
2015-04-03,32.0,33.0,8.0,16.0,5.0,-100,-100,-100,-100
2015-04-04,34.0,33.0,10.0,13.0,4.0,-100,-100,-100,-100
2015-04-06,31.0,33.0,10.0,15.0,4.0,-100,-100,-100,-100
2015-04-07,31.5,34.0,8.0,16.5,4.5,-100,-100,-100,-100
2015-04-08,34.0,34.0,10.0,12.5,4.5,-100,-100,-100,-100
2015-04-09,32.8,34.6,8.0,14.0,4.8,-100,-100,-100,-100
2015-04-10,33.0,35.0,8.0,13.0,5.0,-100,-100,-100,-100
2015-04-11,34.0,34.0,7.0,13.0,6.0,-100,-100,-100,-100
2015-04-12,34.5,33.75,8.0,12.0,5.75,-100,-100,-100,-100
2015-04-13,33.5,33.0,8.5,13.5,5.5,-100,-100,-100,-100
2015-04-14,33.0,35.0,8.0,13.0,5.0,-100,-100,-100,-100
2015-04-15,33.5,35.0,7.5,11.5,6.5,-100,-100,-100,-100
2015-04-16,33.333333333333336,34.0,8.0,14.666666666666666,4.333333333333333,-100,-100,-100,-100
2015-04-17,34.666666666666664,33.0,8.0,14.666666666666666,4.333333333333333,-100,-100,-100,-100
2015-04-18,33.0,36.0,8.0,13.0,5.0,-100,-100,-100,-100
2015-04-19,33.5,32.75,9.25,13.0,4.5,-100,-100,-100,-100
2015-04-20,33.0,34.5,7.5,14.0,5.0,-100,-100,-100,-100
2015-04-21,35.0,34.0,7.0,13.0,5.0,-100,-100,-100,-100
2015-04-22,34.5,33.0,7.5,12.0,5.0,-100,-100,-100,-100
2015-04-23,32.25,33.25,8.25,15.5,4.75,-100,-100,-100,-100
2015-04-24,33.5,34.0,8.5,13.0,6.0,-100,-100,-100,-100
2015-04-25,32.5,32.0,9.0,16.0,5.0,-100,-100,-100,-100
2015-04-26,34.25,33.0,8.5,13.0,5.5,-100,-100,-100,-100
2015-04-27,34.666666666666664,33.0,9.0,13.666666666666666,4.333333333333333,-100,-100,-100,-100
2015-04-28,34.5,35.0,8.0,11.5,5.0,-100,-100,-100,-100
2015-04-29,35.0,32.0,8.5,11.0,6.0,-100,-100,-100,-100
2015-04-30,33.5,34.0,8.333333333333334,13.666666666666666,5.0,-100,-100,-100,-100
2015-05-01,33.0,34.0,8.5,15.0,4.0,-100,-100,-100,-100
2015-05-02,32.5,33.5,8.0,15.0,4.5,-100,-100,-100,-100
2015-05-03,33.333333333333336,32.333333333333336,10.0,12.333333333333334,5.666666666666667,-100,-100,-100,-100
2015-05-04,33.0,32.5,9.0,13.0,5.5,-100,-100,-100,-100
2015-05-05,34.2,33.6,9.0,13.2,4.6,-100,-100,-100,-100
2015-05-06,33.888888888888886,32.666666666666664,9.0,12.555555555555555,5.111111111111111,-100,-100,-100,-100
2015-05-07,34.0,34.0,9.0,13.0,5.0,-100,-100,-100,-100
2015-05-09,40.0,31.0,6.0,12.0,3.0,5.0,-100,-100,-100
2015-05-26,41.0,30.0,7.0,13.0,4.0,4.0,-100,-100,-100
2015-05-31,41.0,29.0,8.0,10.0,5.0,5.0,-100,-100,-100
2015-06-14,37.0,31.0,8.0,13.0,5.0,5.0,-100,-100,-100
2015-06-16,39.0,30.0,9.0,8.0,6.0,5.0,-100,-100,-100
2015-06-28,39.0,27.0,9.0,11.0,6.0,5.0,-100,-100,-100
2015-07-12,38.0,34.0,6.0,13.0,4.0,4.0,-100,-100,-100
2015-07-20,37.0,31.0,10.0,9.0,8.0,5.0,-100,-100,-100
2015-07-26,40.0,28.0,7.0,10.0,5.0,5.0,-100,-100,-100
2015-08-09,40.0,31.0,7.0,10.0,4.0,5.0,-100,-100,-100
2015-08-13,39.0,31.0,7.0,14.0,3.5,5.0,-100,-100,-100
2015-08-23,42.0,28.0,8.0,9.0,6.0,5.0,-100,-100,-100
2015-09-04,38.0,32.0,6.0,13.0,4.0,5.0,-100,-100,-100
2015-09-13,38.0,32.0,8.0,13.0,3.0,5.0,-100,-100,-100
2015-09-17,42.0,30.0,7.0,13.0,3.0,5.0,-100,-100,-100
2015-09-18,38.0,31.5,6.0,15.0,3.5,5.0,-100,-100,-100
2015-09-22,38.0,33.0,9.0,10.0,3.5,5.0,-100,-100,-100
2015-09-28,39.0,30.0,9.0,12.0,4.0,4.0,-100,-100,-100
2015-09-30,37.0,31.0,7.0,17.0,2.0,5.0,-100,-100,-100
2015-10-11,38.0,34.0,7.0,11.0,3.0,5.0,-100,-100,-100
2015-10-15,42.0,29.0,7.0,13.0,3.0,5.0,-100,-100,-100
2015-10-16,37.0,32.0,5.0,15.0,4.0,6.0,-100,-100,-100
2015-10-19,36.0,32.0,10.0,12.0,3.0,5.0,-100,-100,-100
2015-10-25,38.0,33.0,8.0,10.0,3.0,3.0,-100,-100,-100
2015-10-27,37.0,31.0,6.0,15.0,5.0,4.0,-100,-100,-100
2015-11-11,36.0,30.0,7.0,15.0,3.0,5.0,-100,-100,-100
2015-11-15,39.0,33.0,7.0,12.0,3.0,5.0,-100,-100,-100
2015-11-17,38.333333333333336,31.333333333333332,6.666666666666667,12.666666666666666,3.6666666666666665,5.0,-100,-100,-100
2015-11-20,42.0,27.0,7.0,15.0,3.0,5.0,-100,-100,-100
2015-11-22,40.0,29.0,8.0,11.0,3.0,4.0,-100,-100,-100
2015-11-24,38.0,29.0,6.0,17.0,3.0,5.0,-100,-100,-100
2015-12-01,41.0,30.0,6.0,16.0,3.0,4.0,-100,-100,-100
2015-12-11,40.0,29.0,7.0,16.0,3.0,4.0,-100,-100,-100
2015-12-13,37.0,33.0,7.0,11.0,5.0,4.0,-100,-100,-100
2015-12-14,38.0,31.0,9.0,9.0,6.0,5.0,-100,-100,-100
2015-12-18,38.5,29.5,5.5,16.5,4.0,5.5,-100,-100,-100
2015-12-20,39.0,34.0,7.0,10.0,3.0,4.0,-100,-100,-100
2016-01-14,39.0,31.0,6.0,14.0,5.0,5.0,-100,-100,-100
2016-01-15,40.0,29.0,7.0,16.0,3.0,4.0,-100,-100,-100
2016-01-16,37.0,30.0,7.0,16.0,3.0,5.0,-100,-100,-100
2016-01-17,40.0,35.0,6.0,10.0,3.0,4.0,-100,-100,-100
2016-01-24,37.0,32.0,6.0,12.0,4.0,4.0,-100,-100,-100
2016-01-25,40.0,31.0,7.0,11.0,4.0,5.0,-100,-100,-100
2016-01-28,39.0,30.0,6.0,17.0,3.0,4.0,-100,-100,-100
2016-02-04,39.0,29.0,6.0,18.0,3.0,4.0,-100,-100,-100
2016-02-12,41.0,27.0,9.0,15.0,3.0,5.0,-100,-100,-100
2016-02-14,39.0,32.0,7.0,11.0,4.0,4.0,-100,-100,-100
2016-02-16,39.0,33.0,6.0,12.0,3.0,6.0,-100,-100,-100
2016-02-22,38.0,31.0,8.0,12.0,3.0,4.0,-100,-100,-100
2016-02-23,37.5,30.0,6.5,16.0,4.0,5.5,-100,-100,-100
2016-03-10,38.0,29.0,7.0,16.0,4.0,4.0,-100,-100,-100
2016-03-13,36.0,36.0,8.0,11.0,3.0,3.0,-100,-100,-100
2016-03-17,33.0,34.0,6.0,16.0,3.0,6.0,-100,-100,-100
2016-03-20,37.0,35.0,7.0,9.0,4.0,5.0,-100,-100,-100
2016-03-22,36.0,34.0,10.0,11.0,3.0,5.0,-100,-100,-100
2016-03-29,36.0,31.0,7.0,16.0,5.0,5.0,-100,-100,-100
2016-04-01,33.0,32.0,5.0,17.0,4.0,6.0,-100,-100,-100
2016-04-12,31.0,34.0,8.0,17.0,3.0,7.0,-100,-100,-100
2016-04-14,35.0,30.0,8.0,16.0,4.0,5.0,-100,-100,-100
2016-04-17,36.0,31.0,7.0,16.0,4.0,4.0,-100,-100,-100
2016-04-18,38.0,35.0,6.0,11.0,3.0,6.0,-100,-100,-100
2016-04-26,31.5,32.5,6.0,19.0,3.5,6.5,-100,-100,-100
2016-04-29,38.0,30.0,5.0,15.0,5.0,5.0,-100,-100,-100
2016-05-12,36.0,30.0,8.0,17.0,4.0,5.0,-100,-100,-100
2016-05-15,34.0,32.0,7.0,17.0,4.0,5.0,-100,-100,-100
2016-05-16,36.0,34.0,8.0,10.0,5.0,5.0,-100,-100,-100
2016-05-19,35.0,30.0,5.0,18.0,5.0,6.0,-100,-100,-100
2016-05-29,36.0,31.0,7.0,17.0,4.0,4.0,-100,-100,-100
2016-06-03,34.0,30.0,6.0,18.0,4.0,6.0,-100,-100,-100
2016-06-10,35.0,32.0,4.0,18.0,4.0,5.0,-100,-100,-100
2016-06-13,34.0,30.0,8.0,19.0,4.0,4.0,-100,-100,-100
2016-06-14,35.0,34.0,9.0,10.0,4.0,5.0,-100,-100,-100
2016-06-16,34.0,29.0,8.0,19.0,4.0,5.0,-100,-100,-100
2016-06-17,34.0,30.0,6.0,18.0,4.0,6.0,-100,-100,-100
2016-06-22,34.0,30.0,6.0,19.0,4.0,6.0,-100,-100,-100
2016-06-25,32.0,32.0,9.0,16.0,4.0,4.0,-100,-100,-100
2016-06-26,36.0,32.0,7.0,15.0,5.0,5.0,-100,-100,-100
2016-06-30,34.0,29.0,7.0,17.0,4.0,5.0,-100,-100,-100
2016-07-03,37.0,30.0,8.0,15.0,4.0,5.0,-100,-100,-100
2016-07-05,36.0,32.0,9.0,12.0,-100,6.0,-100,-100,-100
2016-07-10,38.0,30.0,8.0,15.0,4.0,5.0,-100,-100,-100
2016-07-11,36.0,35.0,11.0,8.0,4.0,5.0,-100,-100,-100
2016-07-15,39.0,29.0,9.0,14.0,4.0,4.0,-100,-100,-100
2016-07-18,40.0,29.0,9.0,12.0,3.0,7.0,-100,-100,-100
2016-07-22,37.0,31.0,6.0,15.0,4.0,6.0,-100,-100,-100
2016-07-24,43.0,27.0,8.0,13.0,4.0,4.0,-100,-100,-100
2016-07-26,40.0,28.0,8.0,13.0,4.0,7.0,-100,-100,-100
2016-08-02,42.0,28.0,8.0,12.0,3.0,6.0,-100,-100,-100
2016-08-08,39.0,26.0,10.0,11.0,7.0,4.0,-100,-100,-100
2016-08-09,38.0,31.0,8.0,13.0,4.0,7.0,-100,-100,-100
2016-08-15,42.5,31.0,7.5,10.0,4.0,4.0,-100,-100,-100
2016-08-17,38.0,30.0,9.0,13.0,4.0,7.0,-100,-100,-100
2016-08-22,40.0,31.0,7.0,13.0,3.0,5.0,-100,-100,-100
2016-08-23,40.0,29.0,8.0,13.0,3.0,6.0,-100,-100,-100
2016-08-28,41.0,27.0,9.0,13.0,4.0,4.0,-100,-100,-100
2016-08-31,38.0,30.0,7.0,14.0,4.0,6.0,-100,-100,-100
2016-09-05,40.0,29.0,7.0,13.0,3.0,7.0,-100,-100,-100
2016-09-11,41.0,27.0,8.0,14.0,4.0,5.0,-100,-100,-100
2016-09-14,39.0,32.5,6.5,11.0,4.5,5.0,-100,-100,-100
2016-09-21,39.0,30.0,8.0,13.0,3.0,6.0,-100,-100,-100
2016-09-23,40.0,27.0,8.0,13.5,4.5,5.0,-100,-100,-100
2016-09-29,39.0,30.0,8.0,13.0,3.0,6.0,-100,-100,-100
2016-10-09,43.0,26.0,8.0,11.0,6.0,4.0,-100,-100,-100
2016-10-12,42.0,28.0,9.0,11.0,3.0,6.0,-100,-100,-100
2016-10-17,47.0,29.0,7.0,6.0,4.0,6.0,-100,-100,-100
2016-10-20,42.0,26.0,8.0,12.0,5.0,6.0,-100,-100,-100
2016-10-24,42.0,28.0,8.0,12.0,4.0,5.0,-100,-100,-100
2016-10-25,40.0,27.0,11.0,11.0,3.0,7.0,-100,-100,-100
2016-10-30,43.0,27.0,8.0,12.0,5.0,4.0,-100,-100,-100
2016-11-01,41.0,27.0,10.0,11.0,4.0,6.0,-100,-100,-100
2016-11-04,40.0,32.0,6.0,13.0,4.0,6.0,-100,-100,-100
2016-11-14,42.0,33.0,10.0,7.0,3.0,5.0,-100,-100,-100
2016-11-15,42.0,28.0,8.0,11.0,4.0,7.0,-100,-100,-100
2016-11-18,41.0,29.0,7.0,12.0,3.0,6.0,-100,-100,-100
2016-11-20,42.0,28.0,9.0,11.0,3.0,4.0,-100,-100,-100
2016-11-22,41.0,28.0,9.0,12.0,4.0,6.0,-100,-100,-100
2016-11-27,44.0,28.0,7.0,12.0,4.0,4.0,-100,-100,-100
2016-11-29,39.0,27.0,9.0,14.0,4.0,6.0,-100,-100,-100
2016-12-05,42.0,25.0,11.0,12.0,4.0,6.0,-100,-100,-100
2016-12-11,41.0,27.0,9.0,14.0,3.0,4.0,-100,-100,-100
2016-12-12,40.0,29.0,14.0,9.0,3.0,4.0,-100,-100,-100
2016-12-16,38.0,31.0,6.0,13.0,4.0,6.0,-100,-100,-100
2016-12-19,39.0,24.0,12.0,14.0,4.0,6.0,-100,-100,-100
2017-01-04,39.0,26.0,10.0,14.0,4.0,6.0,-100,-100,-100
2017-01-08,42.0,28.0,9.0,12.0,4.0,4.0,-100,-100,-100
2017-01-10,39.0,28.0,11.0,13.0,3.0,6.0,-100,-100,-100
2017-01-12,38.0,30.0,7.0,14.0,4.0,5.0,-100,-100,-100
2017-01-13,38.0,29.0,10.0,13.0,2.0,4.0,-100,-100,-100
2017-01-16,43.0,31.0,11.0,6.0,4.0,4.0,-100,-100,-100
2017-01-18,42.0,25.0,11.0,12.0,3.0,6.0,-100,-100,-100
2017-01-22,42.0,26.0,10.0,13.0,5.0,4.0,-100,-100,-100
2017-01-24,40.0,24.0,10.0,14.0,3.0,6.0,-100,-100,-100
2017-01-31,40.0,26.0,11.0,12.0,4.0,6.0,-100,-100,-100
2017-02-01,37.0,30.0,8.0,14.0,5.0,5.0,-100,-100,-100
2017-02-05,42.0,27.0,10.0,12.0,4.0,5.0,-100,-100,-100
2017-02-06,40.0,24.0,11.0,14.0,4.0,6.0,-100,-100,-100
2017-02-10,41.0,26.0,11.0,11.0,4.0,5.0,-100,-100,-100
2017-02-13,40.0,24.0,11.0,15.0,4.0,6.0,-100,-100,-100
2017-02-14,40.0,29.0,13.0,9.0,4.0,5.0,-100,-100,-100
2017-02-16,40.0,27.0,8.0,14.0,4.0,5.0,-100,-100,-100
2017-02-19,44.0,26.0,8.0,13.0,4.0,4.0,-100,-100,-100
2017-02-22,41.0,25.0,11.0,13.0,3.0,6.0,-100,-100,-100
2017-02-28,42.0,25.0,11.0,12.0,4.0,6.0,-100,-100,-100
2017-03-05,44.0,28.0,8.0,11.0,5.0,4.0,-100,-100,-100
2017-03-09,44.0,25.0,10.0,11.0,3.0,6.0,-100,-100,-100
2017-03-14,43.5,28.5,11.5,7.5,4.0,4.5,-100,-100,-100
2017-03-15,41.0,28.0,7.0,12.0,6.0,5.0,-100,-100,-100
2017-03-17,41.5,26.5,10.0,11.5,3.5,5.5,-100,-100,-100
2017-03-19,45.0,26.0,9.0,10.0,4.0,4.0,-100,-100,-100
2017-03-21,41.0,25.0,11.0,12.0,3.0,6.0,-100,-100,-100
2017-03-27,43.0,25.0,11.0,10.0,3.0,6.0,-100,-100,-100
2017-04-02,43.0,25.0,11.0,11.0,4.0,5.0,-100,-100,-100
2017-04-06,42.0,25.0,11.0,11.0,3.0,8.0,-100,-100,-100
2017-04-13,42.666666666666664,25.666666666666668,10.0,11.0,4.333333333333333,5.0,-100,-100,-100
2017-04-17,44.0,26.0,12.0,11.0,4.0,4.0,-100,-100,-100
2017-04-18,46.0,25.0,11.0,8.0,4.0,4.0,-100,-100,-100
2017-04-19,48.0,24.0,12.0,7.0,-100,-100,-100,-100,-100
2017-04-20,47.5,25.5,11.0,8.0,3.0,4.0,-100,-100,-100
2017-04-21,48.0,25.5,11.0,6.5,3.0,5.0,-100,-100,-100
2017-04-22,40.0,29.0,11.0,11.0,2.0,4.0,-100,-100,-100
2017-04-24,47.666666666666664,26.0,10.333333333333334,6.666666666666667,3.3333333333333335,4.666666666666667,-100,-100,-100
2017-04-25,49.0,26.0,13.0,4.0,1.0,4.0,-100,-100,-100
2017-04-26,45.0,29.0,10.0,7.0,3.0,7.0,-100,-100,-100
2017-04-27,42.0,31.0,10.0,8.0,-100,4.0,-100,-100,-100
2017-04-28,46.0,29.666666666666668,9.333333333333334,7.0,3.0,4.333333333333333,-100,-100,-100
2017-05-02,47.333333333333336,27.333333333333332,9.666666666666666,6.666666666666667,3.3333333333333335,3.6666666666666665,-100,-100,-100
2017-05-03,47.0,29.5,9.5,6.0,2.0,4.0,-100,-100,-100
2017-05-04,46.0,31.0,9.0,8.0,-100,3.0,-100,-100,-100
2017-05-05,46.5,28.0,10.5,7.0,3.0,4.5,-100,-100,-100
2017-05-06,47.0,30.0,7.0,4.0,3.0,5.0,-100,-100,-100
2017-05-07,49.0,27.0,9.0,6.0,3.0,4.0,-100,-100,-100
2017-05-08,44.0,28.0,11.0,8.0,5.0,4.0,-100,-100,-100
2017-05-09,48.0,31.0,8.0,5.0,2.0,4.0,-100,-100,-100
2017-05-10,46.0,30.0,11.0,5.0,2.0,6.0,-100,-100,-100
2017-05-11,46.0,32.0,8.0,7.0,-100,-100,-100,-100,-100
2017-05-12,48.0,31.0,9.0,4.333333333333333,2.3333333333333335,4.666666666666667,-100,-100,-100
2017-05-13,48.0,30.0,8.0,4.0,2.0,4.0,-100,-100,-100
2017-05-14,48.0,28.0,8.5,5.5,3.0,4.0,-100,-100,-100
2017-05-15,47.0,31.0,7.5,5.5,3.5,3.5,-100,-100,-100
2017-05-17,46.666666666666664,33.0,7.666666666666667,4.333333333333333,2.3333333333333335,5.333333333333333,-100,-100,-100
2017-05-18,46.0,34.0,7.0,7.0,-100,4.0,-100,-100,-100
2017-05-19,44.0,35.0,9.0,3.0,-100,-100,-100,-100,-100
2017-05-20,44.5,34.0,8.0,3.5,1.5,3.5,-100,-100,-100
2017-05-21,47.0,33.0,9.0,4.0,2.0,4.0,-100,-100,-100
2017-05-22,42.0,34.0,9.0,4.0,4.0,4.0,-100,-100,-100
2017-05-24,45.0,35.0,7.0,5.0,2.0,5.0,-100,-100,-100
2017-05-25,43.666666666666664,37.333333333333336,7.666666666666667,4.333333333333333,1.0,4.5,-100,-100,-100
2017-05-26,45.0,34.0,8.333333333333334,4.666666666666667,2.0,4.0,-100,-100,-100
2017-05-27,43.0,37.0,8.0,4.0,1.0,3.0,-100,-100,-100
2017-05-29,45.0,33.0,8.0,5.0,3.0,4.0,-100,-100,-100
2017-05-30,42.0,35.5,10.0,4.0,2.5,4.0,-100,-100,-100
2017-05-31,43.0,38.5,6.5,4.0,2.0,4.0,-100,-100,-100
2017-06-01,44.5,38.0,7.0,3.5,2.0,4.0,-100,-100,-100
2017-06-02,44.0,36.25,8.75,4.0,2.0,4.0,-100,-100,-100
2017-06-03,40.0,39.0,8.0,5.0,-100,4.0,-100,-100,-100
2017-06-04,45.0,34.0,8.0,5.0,3.0,4.0,-100,-100,-100
2017-06-05,42.0,38.0,9.0,4.0,2.0,4.0,-100,-100,-100
2017-06-06,42.5,37.0,7.0,4.5,2.0,4.0,-100,-100,-100
2017-06-07,43.22222222222222,36.333333333333336,7.666666666666667,4.333333333333333,2.125,4.222222222222222,-100,-100,-100
2017-06-10,39.0,45.0,7.0,3.0,-100,3.0,-100,-100,-100
2017-06-17,41.0,44.0,6.0,2.0,1.0,3.0,-100,-100,-100
2017-06-21,41.0,46.0,6.0,2.0,1.0,3.0,-100,-100,-100
2017-06-29,39.0,45.0,5.0,5.0,2.0,3.0,-100,-100,-100
2017-06-30,41.0,40.0,7.0,2.0,2.0,2.0,-100,-100,-100
2017-07-03,41.0,43.0,7.0,3.0,3.0,-100,-100,-100,-100
2017-07-06,38.0,46.0,6.0,4.0,1.0,4.0,-100,-100,-100
2017-07-11,40.0,45.0,7.0,2.0,1.0,4.0,-100,-100,-100
2017-07-14,41.0,43.0,5.0,5.0,2.0,3.0,-100,-100,-100
2017-07-15,39.0,42.0,8.0,6.0,1.0,4.0,-100,-100,-100
2017-07-16,42.0,43.0,7.0,3.0,2.0,4.0,-100,-100,-100
2017-07-18,41.0,42.0,9.0,3.0,2.0,3.0,-100,-100,-100
2017-07-19,41.0,43.0,6.0,3.0,2.0,4.0,-100,-100,-100
2017-08-01,41.0,44.0,7.0,3.0,2.0,3.0,-100,-100,-100
2017-08-11,42.0,39.0,7.0,6.0,3.0,2.0,-100,-100,-100
2017-08-18,40.0,43.0,6.0,4.0,2.0,5.0,-100,-100,-100
2017-08-22,41.0,42.0,8.0,4.0,1.0,4.0,-100,-100,-100
2017-08-28,42.0,42.0,7.0,3.0,3.0,2.0,-100,-100,-100
2017-08-31,41.0,42.0,6.0,4.0,2.0,4.0,-100,-100,-100
2017-09-01,38.0,43.0,7.0,4.0,-100,4.0,-100,-100,-100
2017-09-10,42.0,42.0,7.0,4.0,3.0,3.0,-100,-100,-100
2017-09-13,41.0,42.0,7.0,3.0,2.0,4.0,-100,-100,-100
2017-09-15,41.0,41.0,5.0,5.0,3.0,4.0,1.0,-100,-100
2017-09-18,40.0,44.0,9.0,2.0,1.0,4.0,-100,-100,-100
2017-09-22,40.0,41.5,7.0,4.0,2.0,4.0,1.0,-100,-100
2017-09-24,39.5,42.5,7.5,4.0,2.0,3.5,1.0,-100,-100
2017-10-05,40.0,42.0,7.0,4.0,2.0,4.0,-100,-100,-100
2017-10-06,40.0,42.0,5.0,5.0,2.0,4.0,-100,-100,-100
2017-10-08,41.0,41.0,7.0,4.0,2.0,4.0,1.0,-100,-100
2017-10-11,39.0,42.0,8.0,4.0,2.0,4.0,-100,-100,-100
2017-10-19,40.0,42.0,8.0,4.0,2.0,4.0,-100,-100,-100
2017-10-23,42.0,42.0,7.0,3.0,2.0,-100,-100,-100,-100
2017-10-24,41.0,43.0,7.0,3.0,2.0,3.0,-100,-100,-100
2017-11-01,38.0,40.0,9.0,4.0,3.0,5.0,-100,-100,-100
2017-11-08,40.0,43.0,6.0,4.0,2.0,4.0,-100,-100,-100
2017-11-12,41.0,41.0,7.0,4.0,2.0,4.0,-100,-100,-100
2017-11-16,40.0,42.0,6.0,5.0,2.0,4.0,1.0,-100,-100
2017-11-20,41.0,40.5,8.0,4.0,2.5,3.0,-100,-100,-100
2017-11-23,39.0,41.0,7.0,4.0,3.0,4.0,-100,-100,-100
2017-11-26,41.0,41.0,7.0,5.0,3.0,3.0,-100,-100,-100
2017-11-28,37.0,39.0,9.0,4.0,4.0,5.0,-100,-100,-100
2017-12-01,38.5,43.0,7.0,4.0,2.0,3.0,-100,-100,-100
2017-12-05,40.0,41.0,7.0,3.0,2.0,4.0,-100,-100,-100
2017-12-08,37.0,40.0,9.0,5.0,3.0,3.0,1.0,-100,-100
2017-12-10,42.0,40.5,7.5,4.5,2.0,3.5,1.0,-100,-100
2017-12-14,40.0,41.5,7.0,5.0,2.5,3.0,1.0,-100,-100
2017-12-20,40.0,42.0,7.0,4.0,1.0,5.0,-100,-100,-100
2018-01-08,40.0,41.0,9.0,3.0,2.0,4.0,-100,-100,-100
2018-01-12,40.0,40.0,6.0,5.0,3.0,4.0,-100,-100,-100
2018-01-14,40.0,41.0,7.0,4.0,3.0,3.0,1.0,-100,-100
2018-01-17,41.0,42.0,7.0,3.0,2.0,4.0,-100,-100,-100
2018-01-19,41.0,41.0,7.0,4.0,3.0,3.0,-100,-100,-100
2018-01-23,39.0,42.0,9.0,3.0,2.0,4.0,-100,-100,-100
2018-01-29,41.0,42.5,7.0,2.5,2.0,3.0,-100,-100,-100
2018-02-04,41.0,40.0,8.0,3.0,4.0,3.0,-100,-100,-100
2018-02-06,43.0,39.0,8.0,3.0,3.0,3.0,-100,-100,-100
2018-02-08,42.0,39.0,7.0,5.0,-100,-100,-100,-100,-100
2018-02-09,40.0,40.0,8.0,5.0,4.0,2.0,-100,-100,-100
2018-02-12,39.0,39.0,8.0,4.0,-100,-100,-100,-100,-100
2018-02-13,40.0,41.0,8.0,4.0,2.0,3.0,-100,-100,-100
2018-02-19,42.0,43.0,7.0,3.0,2.0,3.0,-100,-100,-100
2018-02-20,40.0,42.0,8.0,4.0,2.0,4.0,-100,-100,-100
2018-02-27,41.0,42.0,7.0,3.0,2.0,4.0,-100,-100,-100
2018-03-04,43.0,42.0,7.0,2.0,3.0,3.0,-100,-100,-100
2018-03-06,41.0,43.0,7.0,2.0,2.0,4.0,-100,-100,-100
2018-03-07,43.0,42.0,6.0,2.0,2.0,4.0,1.0,-100,-100
2018-03-08,38.0,45.0,9.0,3.0,2.0,2.0,-100,-100,-100
2018-03-15,42.0,39.5,6.5,3.5,3.0,4.5,1.0,-100,-100
2018-03-18,44.0,41.0,8.0,1.0,2.0,3.0,1.0,-100,-100
2018-03-27,43.0,39.0,8.0,3.0,2.0,3.0,-100,-100,-100
2018-04-05,42.5,39.5,7.5,3.5,2.5,4.0,1.0,-100,-100
2018-04-10,40.0,40.0,9.0,4.0,2.0,4.0,-100,-100,-100
2018-04-12,40.0,40.5,7.0,4.5,2.0,3.5,1.0,-100,-100
2018-04-14,40.0,40.0,9.0,3.0,1.0,3.0,1.0,-100,-100
2018-04-17,43.0,38.0,8.0,3.0,3.0,4.0,-100,-100,-100
2018-04-24,41.0,40.0,10.0,2.0,2.0,3.0,1.0,-100,-100
2018-04-25,43.0,38.0,8.0,3.0,3.0,4.0,-100,-100,-100
2018-04-29,41.0,39.5,8.5,4.5,3.0,3.0,-100,-100,-100
2018-05-01,42.0,38.0,7.0,3.0,3.0,4.0,-100,-100,-100
2018-05-04,39.0,39.0,10.0,4.0,3.0,4.0,1.0,-100,-100
2018-05-09,43.0,38.0,9.0,2.0,2.0,4.0,-100,-100,-100
2018-05-10,41.0,40.0,8.0,3.0,2.0,3.0,1.0,-100,-100
2018-05-13,43.0,40.0,8.0,3.0,3.0,3.0,-100,-100,-100
2018-05-14,43.0,38.0,9.0,3.0,3.0,3.0,-100,-100,-100
2018-05-16,43.0,39.0,6.0,4.0,3.0,4.0,1.0,-100,-100
2018-05-17,41.0,41.0,7.0,3.0,3.0,3.0,1.0,-100,-100
2018-05-21,42.0,38.0,9.0,2.0,3.0,4.0,-100,-100,-100
2018-05-22,40.0,40.0,7.0,2.0,5.0,5.0,-100,-100,-100
2018-05-29,42.5,39.5,8.5,3.0,2.0,4.0,1.0,-100,-100
2018-06-04,41.0,40.0,9.0,2.0,2.0,3.0,-100,-100,-100
2018-06-05,44.0,37.0,8.0,3.0,3.0,4.0,-100,-100,-100
2018-06-07,42.0,40.0,7.0,2.0,2.0,6.0,1.0,-100,-100
2018-06-08,38.0,41.0,11.0,4.0,2.0,2.0,-100,-100,-100
2018-06-10,42.0,40.0,8.0,3.0,3.0,3.0,-100,-100,-100
2018-06-12,42.0,39.0,8.0,3.0,2.0,4.0,-100,-100,-100
2018-06-19,42.0,40.0,9.0,3.0,2.0,4.0,-100,-100,-100
2018-06-20,41.0,38.0,7.0,3.0,3.0,4.0,1.0,-100,-100
2018-06-24,41.0,40.0,9.0,3.0,3.0,3.0,-100,-100,-100
2018-06-26,42.0,37.0,9.0,3.0,3.0,5.0,-100,-100,-100
2018-06-27,41.0,38.0,7.0,4.0,4.0,4.0,1.0,-100,-100
2018-07-04,41.0,40.0,9.0,3.0,2.0,4.0,-100,-100,-100
2018-07-05,39.0,37.0,10.0,3.0,4.0,3.0,1.0,-100,-100
2018-07-07,38.0,40.0,10.0,-100,-100,3.0,1.0,-100,-100
2018-07-09,40.0,38.666666666666664,9.0,4.0,3.0,3.6666666666666665,1.0,-100,-100
2018-07-11,37.0,39.0,10.0,6.0,3.0,4.0,-100,-100,-100
2018-07-13,36.0,40.0,8.0,8.0,3.0,4.0,1.0,-100,-100
2018-07-14,37.0,42.0,7.0,6.0,3.0,3.0,1.0,-100,-100
2018-07-17,36.0,41.0,9.0,7.0,2.0,4.0,-100,-100,-100
2018-07-20,38.0,39.0,9.0,6.0,2.0,5.0,-100,-100,-100
2018-07-22,40.0,41.0,8.0,5.0,3.0,3.0,-100,-100,-100
2018-07-23,38.0,38.0,10.0,6.0,3.0,4.0,-100,-100,-100
2018-07-24,38.0,38.0,10.0,6.0,3.0,5.0,-100,-100,-100
2018-07-31,38.0,38.0,10.0,6.0,3.0,4.0,-100,-100,-100
2018-08-05,39.0,40.0,7.0,6.0,3.0,4.0,-100,-100,-100
2018-08-09,39.0,35.0,10.0,7.0,3.0,5.0,-100,-100,-100
2018-08-10,37.0,39.0,10.0,5.0,5.0,3.0,-100,-100,-100
2018-08-13,39.0,39.5,8.5,4.5,2.5,4.0,1.0,-100,-100
2018-08-14,41.0,38.0,8.0,6.0,3.0,4.0,-100,-100,-100
2018-08-16,37.0,40.0,8.0,6.0,5.0,3.0,1.0,-100,-100
2018-08-17,39.0,38.0,7.0,7.0,3.0,4.0,1.0,-100,-100
2018-08-19,40.0,40.0,8.0,6.0,2.0,3.0,-100,-100,-100
2018-08-21,40.0,37.0,9.0,6.0,2.0,5.0,-100,-100,-100
2018-08-29,39.0,37.0,10.0,5.0,3.0,4.0,-100,-100,-100
2018-09-01,37.0,41.0,6.0,7.0,2.0,3.0,1.0,-100,-100
2018-09-04,39.0,35.0,11.0,5.0,4.0,5.0,-100,-100,-100
2018-09-07,37.5,37.5,10.5,5.5,3.0,2.5,1.0,-100,-100
2018-09-09,42.0,39.0,8.0,4.0,3.0,3.0,-100,-100,-100
2018-09-10,40.0,35.0,10.0,5.0,4.0,4.0,-100,-100,-100
2018-09-13,39.5,37.0,9.0,5.0,3.0,4.0,1.0,-100,-100
2018-09-18,39.0,37.0,13.0,2.0,5.0,3.0,-100,-100,-100
2018-09-19,40.0,36.0,11.0,5.0,2.0,5.0,-100,-100,-100
2018-09-20,37.0,39.0,9.0,8.0,2.0,4.0,1.0,-100,-100
2018-09-22,38.0,38.0,10.0,5.0,4.0,4.0,-100,-100,-100
2018-09-24,41.0,40.0,9.0,4.0,3.0,3.0,-100,-100,-100
2018-09-25,42.0,36.0,11.0,4.0,2.0,4.0,-100,-100,-100
2018-09-27,39.0,40.0,9.0,5.0,2.0,3.0,-100,-100,-100
2018-09-28,39.0,36.0,9.0,6.0,3.0,4.0,-100,-100,-100
2018-09-29,35.0,40.0,12.0,5.0,3.0,4.0,1.0,-100,-100
2018-10-01,42.0,36.0,9.0,5.0,2.0,4.0,-100,-100,-100
2018-10-05,38.5,39.0,8.5,5.0,3.5,3.5,1.0,-100,-100
2018-10-09,41.0,37.0,9.0,4.0,3.0,5.0,-100,-100,-100
2018-10-10,40.0,39.0,7.0,6.0,-100,4.0,-100,-100,-100
2018-10-12,41.0,37.0,8.0,6.0,3.0,4.0,1.0,-100,-100
2018-10-15,41.0,36.0,9.5,3.5,3.5,4.0,1.0,-100,-100
2018-10-22,39.0,37.0,10.0,5.0,5.0,4.0,1.0,-100,-100
2018-10-23,41.0,36.0,8.0,4.0,4.0,6.0,-100,-100,-100
2018-10-26,43.0,40.0,6.0,5.0,2.0,4.0,-100,-100,-100
2018-10-30,41.0,39.0,7.0,5.0,2.0,4.0,-100,-100,-100
2018-11-02,39.0,40.0,8.0,3.0,2.0,3.0,-100,-100,-100
2018-11-05,41.0,37.0,8.0,4.0,4.0,4.0,-100,-100,-100
2018-11-07,40.0,40.0,8.0,5.0,3.0,4.0,1.0,-100,-100
2018-11-12,40.0,39.0,8.0,3.0,3.0,4.0,1.0,-100,-100
2018-11-15,36.0,39.5,8.0,7.5,3.0,4.0,1.0,-100,-100
2018-11-19,39.0,36.0,8.0,6.0,4.0,4.0,-100,-100,-100
2018-11-27,40.0,35.0,10.0,6.0,3.0,4.0,-100,-100,-100
2018-12-02,37.0,39.0,9.0,6.0,3.0,3.0,-100,-100,-100
2018-12-04,40.0,38.0,9.0,4.0,4.0,5.0,-100,-100,-100
2018-12-05,38.0,38.0,9.0,4.0,5.0,4.0,1.0,-100,-100
2018-12-06,38.0,38.0,9.0,5.0,5.0,4.0,1.0,-100,-100
2018-12-07,38.0,37.0,10.0,3.0,4.0,5.0,-100,-100,-100
2018-12-14,39.0,37.5,9.0,5.0,3.5,4.5,1.0,-100,-100
2018-12-20,39.0,39.0,6.0,6.0,4.0,4.0,-100,-100,-100
2019-01-04,40.0,34.0,10.0,4.0,4.0,4.0,-100,-100,-100
2019-01-07,41.0,35.0,11.0,4.0,3.0,4.0,-100,-100,-100
2019-01-11,37.0,38.5,11.0,5.0,3.5,3.0,1.0,-100,-100
2019-01-14,37.0,36.0,10.0,6.0,4.0,4.5,1.0,-100,-100
2019-01-15,37.0,39.0,8.0,7.0,3.0,3.0,1.0,-100,-100
2019-01-17,39.5,38.0,9.0,5.0,2.5,3.0,1.0,-100,-100
2019-01-18,38.0,40.0,8.0,6.0,3.5,4.0,1.0,-100,-100
2019-01-30,38.0,39.0,9.0,4.0,2.0,3.0,-100,-100,-100
2019-02-01,41.0,34.0,8.0,7.0,4.0,4.0,1.0,-100,-100
2019-02-04,41.0,34.0,10.0,4.0,4.0,5.0,-100,-100,-100
2019-02-05,38.0,38.0,10.0,4.0,3.0,4.0,1.0,-100,-100
2019-02-11,40.0,35.0,10.0,3.0,4.0,4.0,1.0,-100,-100
2019-02-15,37.0,37.0,8.0,7.0,4.0,4.0,-100,-100,-100
2019-02-18,40.0,36.0,10.0,5.0,2.0,3.0,-100,-100,-100
2019-02-19,41.0,33.0,10.0,4.0,4.0,5.0,-100,-100,-100
2019-02-23,42.0,33.0,8.0,5.0,3.5,4.5,-100,-100,-100
2019-03-01,40.0,34.0,9.0,7.0,3.0,4.0,1.0,-100,-100
2019-03-04,40.0,31.0,11.0,3.0,4.0,5.0,-100,-100,-100
2019-03-08,39.0,34.0,12.0,5.0,4.0,3.0,1.0,-100,-100
2019-03-11,41.0,31.0,8.0,6.0,6.0,5.0,-100,-100,-100
2019-03-15,36.0,34.666666666666664,10.0,7.0,3.5,4.0,1.0,4.0,-100
2019-03-19,38.0,34.0,8.0,7.0,4.0,5.0,1.0,-100,-100
2019-03-22,36.0,35.0,7.0,9.0,4.0,5.0,1.0,-100,-100
2019-03-25,36.0,33.0,11.0,4.0,4.0,5.0,-100,-100,-100
2019-03-29,35.0,35.0,9.0,9.0,5.0,4.0,-100,-100,-100
2019-03-30,36.0,41.0,7.0,7.0,6.0,3.0,1.0,-100,-100
2019-04-03,32.0,31.0,12.0,7.0,4.0,6.0,-100,-100,-100
2019-04-05,35.0,34.0,11.0,7.0,5.0,3.0,1.0,-100,-100
2019-04-07,32.0,32.0,7.0,9.0,3.0,3.0,-100,-100,9.0
2019-04-08,31.5,37.5,9.5,7.5,4.5,4.5,1.0,-100,-100
2019-04-11,28.0,32.0,11.0,6.0,5.0,5.0,-100,8.0,3.0
2019-04-12,29.0,36.0,8.0,11.0,4.0,5.0,1.0,-100,-100
2019-04-16,23.0,33.0,7.0,5.0,3.0,3.0,1.0,14.0,9.0
2019-04-17,26.333333333333332,30.333333333333332,9.0,4.666666666666667,4.666666666666667,4.333333333333333,1.0,13.333333333333334,4.333333333333333
2019-04-23,26.0,33.0,6.0,4.0,4.0,5.0,1.0,17.0,4.0
2019-04-24,27.0,33.0,9.5,4.5,4.0,4.5,-100,13.5,3.5
2019-04-30,29.0,29.0,13.0,2.0,5.0,4.0,-100,15.0,3.0
2019-05-07,25.0,30.0,11.0,4.0,5.0,3.0,1.0,17.0,2.0
2019-05-08,22.0,28.0,11.0,4.0,6.0,4.0,-100,21.0,4.0
2019-05-09,21.5,25.5,15.0,2.5,6.0,4.0,1.0,19.0,4.5
2019-05-12,20.0,27.0,13.0,4.0,4.0,3.0,-100,20.0,6.0
2019-05-13,23.0,32.0,14.0,3.0,4.0,4.5,2.0,14.5,3.5
2019-05-14,25.0,26.0,15.5,2.5,7.0,5.0,-100,17.0,2.0
2019-05-16,22.0,29.0,11.0,2.0,3.0,-100,-100,24.0,3.0
2019-05-17,25.5,28.0,15.5,2.0,4.5,5.0,-100,15.5,2.0
2019-05-20,22.0,26.0,12.0,2.0,4.0,4.0,1.0,25.0,2.0
2019-05-21,24.0,31.0,14.0,2.0,4.5,4.5,1.0,16.5,3.0
2019-05-22,28.0,33.0,13.0,3.0,3.0,3.0,-100,12.0,2.0
2019-05-29,19.0,19.0,24.0,1.0,8.0,6.0,-100,22.0,1.0
2019-05-30,18.5,24.0,16.0,1.0,8.0,4.0,1.0,25.0,2.5
2019-06-01,18.0,19.0,23.0,-100,10.0,5.0,-100,23.0,-100
2019-06-06,18.0,20.0,20.0,1.0,9.0,5.0,-100,26.0,-100
2019-06-07,26.0,27.0,17.0,1.0,6.0,3.0,1.0,18.0,1.0
2019-06-09,23.0,27.0,17.0,1.0,5.0,3.0,1.0,22.0,1.0
2019-06-10,21.0,21.0,19.0,-100,-100,-100,-100,24.0,-100
2019-06-14,17.0,19.0,22.0,-100,8.0,4.0,1.0,26.0,1.0
2019-06-19,20.0,20.0,21.0,1.0,9.0,4.0,1.0,23.0,-100
2019-06-20,22.0,26.0,17.0,1.5,6.0,3.5,1.0,21.5,1.0
2019-06-25,24.0,22.0,20.5,1.0,9.0,4.0,1.0,17.0,-100
2019-07-03,24.0,18.0,20.0,-100,9.0,4.0,1.0,23.0,-100
2019-07-05,25.5,26.0,16.5,1.5,7.0,3.5,1.0,18.0,1.0
2019-07-07,25.0,28.0,16.0,1.0,5.0,3.0,-100,19.0,-100
2019-07-10,24.0,20.0,19.0,-100,9.0,5.0,1.0,21.0,-100
2019-07-11,23.5,28.5,17.0,1.0,4.0,3.5,1.0,20.0,1.0
2019-07-16,25.0,28.0,17.0,1.0,5.0,4.0,-100,19.0,1.0
2019-07-17,25.0,21.0,20.0,-100,8.0,4.0,1.0,19.0,-100
2019-07-24,25.0,19.0,23.0,1.0,9.0,4.0,1.0,17.0,-100
2019-07-25,28.0,27.0,19.0,1.0,4.0,3.0,1.0,16.0,0.1
2019-07-26,30.5,24.5,18.0,0.55,6.5,5.0,1.0,14.0,-100
2019-07-27,30.0,25.0,18.0,1.0,4.0,4.0,1.0,14.0,2.0
2019-07-28,29.0,30.0,16.0,1.0,5.0,3.0,1.0,15.0,-100
2019-07-30,33.0,23.0,19.5,1.0,7.0,4.5,1.0,11.0,-100
2019-08-06,31.0,22.0,21.0,-100,7.0,4.0,-100,14.0,-100
2019-08-09,31.0,28.0,13.0,1.0,5.0,4.0,1.0,16.0,-100
2019-08-11,29.5,25.5,18.5,1.0,3.5,3.5,-100,15.5,-100
2019-08-14,30.5,23.0,19.5,1.0,7.0,3.5,1.0,13.0,-100
2019-08-19,42.0,28.0,15.0,-100,3.0,5.0,-100,5.0,1.0
2019-08-21,32.0,22.0,20.0,-100,7.0,4.0,1.0,12.0,-100
2019-08-23,32.5,23.5,17.0,1.0,5.5,4.5,1.0,15.0,-100
2019-08-28,34.0,22.0,17.0,-100,8.0,4.0,1.0,13.0,-100
2019-08-29,33.0,22.0,21.0,-100,7.0,4.0,1.0,12.0,-100
2019-08-30,31.0,24.0,21.0,-100,3.0,4.0,1.0,14.0,-100
2019-08-31,35.0,24.0,18.0,-100,4.0,4.0,1.0,14.0,1.0
2019-09-03,36.0,27.5,16.0,1.0,5.5,3.5,1.0,10.0,-100
2019-09-04,33.0,26.0,17.0,-100,3.0,4.0,1.0,14.0,-100
2019-09-06,32.2,25.0,18.4,1.0,3.75,4.0,1.0,14.0,-100
2019-09-07,31.0,28.0,17.0,-100,3.0,4.0,1.0,13.0,-100
2019-09-08,30.0,29.0,17.0,1.0,4.0,3.0,1.0,13.0,-100
2019-09-09,38.0,24.0,20.0,1.0,3.0,4.0,1.0,7.0,1.0
2019-09-10,32.0,23.0,19.0,-100,7.0,4.0,-100,14.0,-100
2019-09-12,28.0,27.0,20.0,1.0,5.0,4.0,1.0,13.0,1.0
2019-09-13,37.0,25.0,16.0,1.0,2.0,4.0,1.0,13.0,-100
2019-09-16,33.0,24.0,23.0,-100,4.0,4.0,-100,10.0,-100
2019-09-18,32.0,21.0,23.0,1.0,4.0,4.0,1.0,14.0,-100
2019-09-19,29.0,27.0,20.0,-100,4.0,4.0,-100,13.0,1.0
2019-09-20,33.5,22.5,19.5,2.0,4.5,4.0,1.0,13.0,-100
2019-09-24,27.0,27.0,20.0,-100,-100,4.0,1.0,17.0,-100
2019-09-25,30.0,23.0,22.0,-100,4.5,3.5,1.0,15.0,-100
2019-09-27,34.5,23.0,20.5,-100,3.5,4.5,1.0,12.0,-100
2019-10-01,34.0,21.0,23.0,-100,5.0,3.0,1.0,12.0,-100
2019-10-04,34.5,24.5,17.5,1.0,5.5,5.0,-100,11.5,-100
2019-10-06,33.0,27.0,19.0,1.0,3.0,4.0,-100,13.0,-100
2019-10-09,35.0,22.0,20.0,-100,6.0,4.0,1.0,12.0,1.0
2019-10-10,33.0,27.0,18.0,-100,4.0,4.0,-100,12.0,-100
2019-10-11,33.0,30.0,17.0,-100,3.0,4.0,-100,12.0,-100
2019-10-15,38.0,23.5,18.0,1.0,4.0,3.5,1.0,9.5,-100
2019-10-17,35.0,26.5,17.0,2.0,4.0,4.0,1.0,12.0,-100
2019-10-18,34.0,25.5,19.0,-100,2.5,4.0,-100,12.0,-100
2019-10-21,37.0,23.0,19.0,1.0,5.0,3.5,1.0,11.0,-100
2019-10-25,38.0,23.5,16.5,1.0,4.5,4.0,1.0,11.0,-100
2019-10-28,41.0,24.0,20.0,-100,3.0,3.0,1.0,7.0,-100
2019-10-30,35.0,23.5,18.5,1.0,3.5,3.5,1.0,12.5,1.0
2019-10-31,37.333333333333336,28.333333333333332,15.0,-100,3.6666666666666665,3.3333333333333335,1.0,10.333333333333334,-100
2019-11-01,40.5,26.5,16.0,-100,3.0,4.5,1.0,8.0,-100
2019-11-02,40.0,28.0,14.0,-100,2.0,3.0,1.0,11.0,-100
2019-11-04,38.0,28.0,15.5,1.0,4.0,3.5,1.0,10.0,-100
2019-11-06,36.0,25.0,17.0,-100,5.0,4.0,1.0,11.0,-100
2019-11-08,38.4,28.6,16.0,-100,2.5,4.25,1.0,8.6,-100
2019-11-09,41.0,29.0,16.0,1.0,2.0,3.0,-100,6.0,-100
2019-11-10,37.0,29.0,17.0,-100,3.0,4.0,-100,9.0,-100
2019-11-11,38.0,29.0,16.0,1.0,3.0,3.0,1.0,8.5,1.0
2019-11-12,41.0,29.0,15.5,-100,3.5,3.5,1.0,5.5,-100
2019-11-14,42.0,31.5,14.5,-100,3.5,3.5,-100,3.5,-100
2019-11-15,42.0,28.333333333333332,15.0,-100,2.6666666666666665,3.6666666666666665,-100,6.333333333333333,-100
2019-11-16,43.5,29.0,12.0,2.0,3.0,3.0,1.0,5.5,-100
2019-11-18,43.5,29.5,14.5,-100,3.0,3.0,-100,3.5,-100
2019-11-19,42.666666666666664,29.666666666666668,15.333333333333334,-100,3.0,4.333333333333333,-100,4.0,-100
2019-11-20,43.0,29.0,15.0,-100,3.0,4.0,1.0,4.0,-100
2019-11-21,41.5,30.0,16.5,-100,3.5,2.5,-100,4.0,-100
2019-11-22,43.666666666666664,30.0,14.0,-100,3.3333333333333335,4.0,1.0,3.0,-100
2019-11-23,42.0,30.0,15.5,-100,3.0,3.5,1.0,4.0,-100
2019-11-25,42.0,33.0,13.5,-100,3.5,3.0,1.0,3.5,-100
2019-11-26,42.0,33.0,13.0,-100,2.0,3.5,-100,4.5,-100
2019-11-27,39.0,33.0,13.0,-100,5.0,-100,-100,4.0,-100
2019-11-28,42.5,33.5,13.0,-100,3.0,3.0,-100,4.0,-100
2019-11-29,44.5,32.5,13.0,-100,3.0,4.0,-100,2.0,-100
2019-11-30,43.5,32.5,13.0,-100,2.5,3.0,1.0,3.0,-100
2019-12-02,43.0,33.5,14.0,-100,2.5,3.0,1.0,2.5,-100
2019-12-03,42.0,32.5,12.0,-100,3.0,4.5,-100,3.5,-100
2019-12-04,44.0,32.0,13.0,-100,3.0,4.0,1.0,2.0,-100
2019-12-05,41.5,34.5,11.5,-100,2.0,3.5,-100,3.5,-100
2019-12-06,43.25,32.5,13.25,-100,2.75,4.0,1.0,3.25,-100
2019-12-07,44.5,32.0,11.0,1.0,2.0,3.5,1.0,3.5,-100
2019-12-08,43.0,33.0,12.0,-100,3.0,3.0,-100,3.0,-100
2019-12-09,42.0,36.0,12.0,-100,2.0,3.0,-100,3.0,-100
2019-12-10,42.0,34.5,12.0,-100,2.5,4.0,1.0,3.0,-100
2019-12-11,43.857142857142854,33.285714285714285,11.571428571428571,-100,2.857142857142857,4.0,1.0,3.0,-100
2020-01-10,44.0,29.0,11.0,2.0,5.0,3.0,-100,4.0,-100
2020-01-17,47.0,30.0,9.0,-100,4.0,5.0,-100,3.0,-100
2020-01-26,49.0,29.0,10.0,-100,4.0,5.0,1.0,2.0,-100
2020-01-31,43.96,33.06,10.28,-100,2.6,4.56,0.45,2.74,-100
2020-02-02,49.0,30.0,8.0,-100,5.0,4.0,1.0,2.0,-100
2020-02-03,47.0,30.0,11.0,-100,5.0,4.0,1.0,1.0,-100
2020-02-10,48.0,28.0,10.0,-100,6.0,4.0,1.0,2.0,-100
2020-02-14,47.0,32.0,7.0,-100,4.0,6.0,1.0,2.0,-100
2020-02-20,47.0,31.0,9.0,-100,4.0,4.0,-100,3.0,-100
2020-03-09,50.0,29.0,11.0,1.0,2.0,4.0,1.0,1.0,-100
2020-03-13,49.0,32.0,6.0,-100,5.0,5.0,1.0,1.0,-100
2020-03-16,52.0,30.0,9.0,-100,4.0,4.0,1.0,-100,-100
2020-03-26,54.0,28.0,7.0,-100,4.0,4.0,-100,2.0,-100
2020-03-27,54.0,28.0,6.0,1.0,3.0,5.0,1.0,-100,-100
2020-04-02,50.5,28.5,8.0,-100,4.5,4.5,1.0,1.0,-100
2020-04-03,53.0,30.0,7.0,1.0,3.0,5.0,1.0,-100,-100
2020-04-06,45.0,28.0,11.0,-100,6.0,3.0,1.0,3.0,-100
2020-04-09,50.5,29.0,7.5,-100,5.0,4.0,1.0,2.0,-100
2020-04-17,52.0,31.666666666666668,6.333333333333333,-100,3.0,4.333333333333333,1.0,1.0,-100
2020-04-20,54.0,28.0,9.0,-100,4.0,4.0,1.0,1.0,-100
2020-04-23,50.0,33.0,7.0,1.0,3.0,5.0,-100,-100,-100
2020-04-26,50.0,33.0,7.0,-100,4.0,5.0,-100,-100,-100
2020-04-28,48.0,31.0,8.0,-100,5.0,4.0,1.0,1.0,-100
2020-05-01,51.0,33.0,6.0,1.0,3.0,5.0,1.0,-100,-100
2020-05-06,50.0,30.5,7.0,-100,5.0,4.0,1.0,3.0,-100
2020-05-07,49.0,33.0,6.0,1.0,5.0,5.0,1.0,-100,-100
2020-05-11,51.0,32.0,7.0,-100,2.0,5.0,1.0,2.0,-100
2020-05-14,49.0,34.0,6.0,1.0,3.0,5.0,1.0,-100,-100
2020-05-15,47.0,35.0,9.0,-100,3.0,4.0,-100,-100,-100
2020-05-17,46.0,33.0,7.0,-100,4.0,4.0,-100,2.0,-100
2020-05-19,48.0,33.0,6.0,-100,5.0,5.0,1.0,2.0,-100
2020-05-22,47.0,35.0,6.0,2.0,3.0,5.0,-100,-100,-100
2020-05-26,44.83,35.71,6.925,-100,3.775,4.835,0.745,1.18,-100
2020-05-27,43.0,37.5,7.5,-100,3.5,5.0,1.0,3.0,-100
2020-05-28,43.0,38.0,8.0,2.0,4.0,3.0,-100,2.0,-100
2020-05-29,43.0,39.0,6.0,1.0,3.0,5.0,1.0,-100,-100
2020-05-30,45.0,35.0,6.0,-100,5.0,5.0,-100,2.0,-100
2020-06-03,42.215,37.295,7.83,-100,4.515000000000001,4.125,0.8049999999999999,0.97,-100
2020-06-05,42.0,39.0,7.0,2.0,3.5,3.5,1.0,3.0,-100
2020-06-10,42.504999999999995,37.0,9.155000000000001,-100,3.655,4.34,0.625,0.76,-100
2020-06-11,41.0,39.0,9.0,-100,4.0,5.0,-100,-100,-100
2020-06-12,44.5,38.0,6.0,-100,3.0,5.0,1.0,2.0,-100
2020-06-14,40.0,36.0,9.0,-100,-100,-100,-100,-100,-100
2020-06-15,43.0,35.0,8.0,1.0,4.0,5.0,-100,2.0,-100
2020-06-18,43.0,38.0,8.0,-100,4.0,4.0,-100,-100,-100
2020-06-19,44.0,40.0,5.0,-100,3.0,5.0,1.0,-100,-100
2020-06-25,43.375,37.03,7.615,-100,3.92,4.29,0.43,0.34,-100
2020-06-26,42.62,38.63,5.89,1.56,4.14,4.87,1.07,-100,-100
2020-07-01,42.0,38.0,8.0,-100,5.0,4.0,-100,-100,-100
2020-07-03,41.0,37.0,8.0,2.0,4.0,5.0,1.0,-100,-100
2020-07-06,44.0,37.0,7.0,-100,4.0,4.0,-100,-100,-100
2020-07-08,44.0,39.0,7.0,-100,4.0,4.0,-100,-100,-100
2020-07-09,46.0,36.0,6.0,-100,3.0,5.0,1.0,2.0,-100
2020-07-10,43.0,38.0,6.5,2.0,4.0,5.5,1.0,-100,-100
2020-07-12,42.0,36.0,8.0,-100,5.0,4.0,1.0,1.0,-100
2020-07-13,45.0,35.0,9.0,1.0,2.0,5.0,1.0,2.0,-100
2020-07-15,44.0,37.0,8.0,-100,4.0,4.0,-100,-100,-100
2020-07-17,44.0,36.0,6.0,1.0,4.0,6.0,1.0,-100,-100
2020-07-19,43.0,37.0,6.0,-100,2.0,5.0,1.0,2.0,-100
2020-07-22,44.0,36.0,8.0,-100,5.0,4.0,1.0,-100,-100
2020-07-23,44.0,35.0,7.0,-100,4.0,5.0,1.0,3.0,-100
2020-07-24,42.0,38.0,6.0,2.0,4.0,5.0,1.0,-100,-100
2020-07-29,43.0,38.0,7.0,-100,4.0,4.0,-100,-100,-100
2020-07-31,42.0,36.5,6.0,2.0,4.5,5.5,1.0,3.0,-100
2020-08-03,44.0,35.0,8.0,-100,5.0,4.0,-100,-100,-100
2020-08-04,45.0,37.0,6.0,-100,5.0,5.0,1.0,1.0,-100
2020-08-05,42.0,36.0,8.0,-100,5.0,5.0,1.0,2.0,-100
2020-08-10,42.0,35.0,8.0,1.0,3.0,6.0,1.0,3.0,-100
2020-08-12,43.0,36.0,9.0,-100,4.0,4.0,-100,-100,-100
2020-08-14,41.8,38.9,5.3,2.7,3.5,5.3,0.8,-100,-100
2020-08-16,42.0,37.0,7.0,-100,3.0,4.0,1.0,2.0,-100
2020-08-19,42.0,37.5,6.5,-100,5.0,4.5,1.0,4.0,-100
2020-08-21,41.0,37.0,9.0,-100,4.0,5.0,-100,1.0,-100
2020-08-24,42.0,37.0,9.0,-100,5.0,4.0,-100,-100,-100
2020-08-25,43.0,36.0,6.0,-100,4.0,5.0,1.0,3.0,-100
2020-08-28,40.33,39.77,6.46,1.67,3.39,5.49,0.42,-100,-100
2020-09-02,43.0,37.0,8.0,-100,4.0,4.0,-100,-100,-100
2020-09-04,40.0,38.0,8.0,-100,4.0,5.0,1.0,1.0,-100
2020-09-08,42.0,38.0,6.0,-100,5.0,5.0,-100,2.0,-100
2020-09-09,42.0,37.0,6.0,-100,4.0,5.0,1.0,3.0,-100
2020-09-11,42.0,39.0,6.0,1.0,4.0,5.0,-100,-100,-100
2020-09-16,41.0,39.0,8.0,-100,5.0,5.0,-100,-100,-100
2020-09-17,40.0,40.0,6.0,-100,5.0,4.0,1.0,3.0,-100
2020-09-18,40.0,37.0,8.0,-100,5.0,6.0,1.0,-100,-100
2020-09-20,40.0,37.0,8.0,-100,3.0,5.0,-100,3.0,-100
2020-09-21,40.0,38.0,9.0,2.0,4.0,4.0,1.0,3.0,-100
2020-09-23,40.0,40.0,7.0,-100,5.0,4.0,-100,-100,-100
2020-09-24,41.0,38.0,6.0,-100,5.0,4.0,1.0,3.0,-100
2020-09-25,40.5,40.0,5.5,1.5,4.0,6.0,1.0,3.0,-100
2020-09-28,41.0,38.0,8.0,-100,-100,5.0,1.0,2.0,-100
2020-09-30,39.0,39.0,6.0,-100,5.0,5.0,1.0,4.0,-100
2020-10-01,39.0,39.0,8.0,-100,5.0,5.0,-100,-100,-100
2020-10-04,42.0,39.0,7.0,-100,3.0,4.0,1.0,2.0,-100
2020-10-06,41.0,37.0,7.0,-100,4.0,4.0,1.0,1.0,-100
2020-10-07,41.0,38.5,6.5,-100,5.0,4.5,1.0,3.0,-100
2020-10-09,40.0,40.0,6.0,3.0,3.0,6.0,1.0,-100,-100
2020-10-12,39.0,39.0,7.0,-100,4.0,5.0,1.0,3.0,-100
2020-10-15,39.0,38.0,6.0,-100,6.0,5.0,1.0,5.0,-100
2020-10-17,41.0,38.0,5.0,-100,6.0,5.0,-100,4.0,-100
2020-10-18,42.0,36.0,8.0,-100,3.0,4.0,1.0,2.0,-100
2020-10-21,40.0,40.0,7.0,-100,4.0,5.0,-100,-100,-100
2020-10-22,40.0,39.0,7.0,-100,5.0,5.0,1.0,3.0,-100
2020-10-23,38.0,40.0,6.0,2.0,5.0,5.0,1.0,-100,-100
2020-10-24,42.0,39.0,7.0,-100,3.0,3.0,-100,3.0,-100
2020-10-26,42.0,39.0,7.0,-100,3.0,4.0,-100,2.0,-100
2020-10-28,38.05,41.55,7.65,-100,4.65,5.15,0.65,1.0,-100
2020-10-29,38.0,38.0,6.0,-100,5.0,5.0,1.0,4.0,-100
2020-11-02,40.0,40.0,7.0,-100,3.0,5.0,1.0,2.0,-100
2020-11-05,35.0,40.0,7.0,-100,4.0,5.0,1.0,6.0,-100
2020-11-06,38.5,39.5,8.0,2.0,3.5,5.0,1.0,2.0,-100
2020-11-09,40.0,36.0,8.0,1.0,5.0,5.0,0.5,2.5,-100
2020-11-11,40.0,40.0,7.0,-100,5.0,5.0,-100,-100,-100
2020-11-12,38.0,40.0,5.0,-100,5.0,5.0,1.0,4.0,-100
2020-11-15,41.0,38.0,5.0,-100,4.0,5.0,-100,2.0,-100
2020-11-18,38.0,37.0,7.0,-100,6.0,6.0,1.0,4.0,-100
2020-11-19,40.0,39.0,8.0,-100,4.0,5.0,-100,-100,-100
2020-11-20,41.0,38.0,6.0,-100,4.0,6.0,-100,-100,-100
2020-11-22,39.0,37.0,7.0,-100,4.0,5.0,1.0,3.0,-100
2020-11-27,37.0,40.0,5.0,-100,5.0,6.0,1.0,5.0,-100
2020-11-28,38.0,37.5,8.0,4.0,4.5,4.5,1.0,3.5,-100
2020-11-29,39.0,38.0,8.0,-100,3.0,5.0,1.0,3.0,-100
2020-12-02,40.0,37.0,9.0,-100,6.0,5.0,1.0,-100,-100
2020-12-03,38.0,38.0,6.0,-100,5.0,5.0,1.0,3.0,-100
2020-12-04,38.1,39.9,5.6,2.6,3.3,6.0,1.0,-100,-100
2020-12-08,40.0,38.0,6.0,-100,4.0,5.0,-100,-100,-100
2020-12-09,37.0,37.0,8.0,-100,6.0,5.0,1.0,5.0,-100
2020-12-10,40.0,39.0,7.0,-100,5.0,5.0,1.0,1.0,-100
2020-12-13,38.0,37.0,8.0,-100,5.0,5.0,-100,4.0,-100
2020-12-14,38.0,37.0,10.0,1.0,5.0,5.0,1.0,3.0,-100
2020-12-16,39.0,37.0,6.0,-100,6.0,5.0,1.0,4.0,-100
2020-12-17,39.0,39.0,6.0,3.0,4.0,5.0,1.0,-100,-100
2020-12-21,41.0,39.0,8.0,-100,4.0,5.0,1.0,2.0,-100
2020-12-22,38.0,39.5,6.5,-100,4.5,5.0,1.0,2.5,-100
2020-12-30,43.0,38.0,4.0,2.0,5.0,5.0,-100,3.0,-100
2021-01-05,39.0,39.0,6.0,-100,6.0,5.0,1.0,3.0,-100
2021-01-07,39.0,40.0,6.0,2.0,4.0,5.0,1.0,-100,-100
2021-01-10,40.0,37.0,8.0,-100,4.0,4.0,1.0,2.0,-100
2021-01-11,41.0,37.0,8.0,-100,5.0,5.0,-100,2.0,-100
2021-01-13,40.0,38.0,7.0,-100,5.0,4.0,-100,1.0,-100
2021-01-14,38.0,39.0,5.0,-100,6.0,5.0,1.0,3.0,-100
2021-01-15,37.4,40.8,6.5,1.3,4.0,6.4,0.8,-100,-100
2021-01-17,39.0,37.0,7.0,-100,3.0,5.0,-100,2.0,-100
2021-01-18,40.0,38.0,8.0,-100,5.0,4.0,-100,2.0,-100
2021-01-21,39.0,38.0,5.0,-100,6.0,5.0,1.0,4.0,-100
2021-01-22,43.0,37.0,7.0,-100,5.0,4.0,-100,-100,-100
2021-01-23,41.0,39.0,7.0,-100,3.0,4.0,-100,2.0,-100
2021-01-24,40.0,37.0,8.0,-100,3.0,5.0,-100,-100,-100
2021-01-25,41.0,37.0,9.0,1.0,4.5,4.5,-100,2.5,-100
2021-01-27,37.0,41.0,6.0,-100,4.0,5.0,1.0,3.0,-100
2021-01-29,41.0,38.0,7.0,2.0,4.0,5.0,1.0,1.0,-100
2021-01-31,41.0,38.0,6.0,-100,3.0,5.0,-100,-100,-100
2021-02-01,41.5,37.5,6.5,-100,4.5,5.0,1.0,3.0,-100
2021-02-03,41.0,37.0,6.0,-100,6.0,5.0,1.0,3.0,-100
2021-02-04,42.0,38.0,7.0,-100,8.0,5.0,-100,-100,-100
2021-02-06,39.0,33.0,9.0,-100,7.0,5.0,1.0,-100,-100
2021-02-07,41.0,37.0,8.0,-100,4.0,4.0,1.0,2.0,-100
2021-02-08,43.0,38.0,7.0,-100,4.0,5.0,-100,2.0,-100
2021-02-10,41.0,36.0,6.0,-100,7.0,5.0,1.0,3.0,-100
2021-02-12,42.0,37.0,6.0,1.0,5.0,5.0,1.0,-100,-100
2021-02-14,42.0,37.0,7.0,-100,3.0,4.0,1.0,2.0,-100
2021-02-15,41.0,39.0,8.0,-100,5.0,5.0,-100,2.0,-100
2021-02-18,40.0,37.0,7.0,-100,6.0,5.0,1.0,3.0,-100
2021-02-21,40.0,38.0,7.0,-100,3.0,4.0,-100,-100,-100
2021-02-22,41.5,35.0,9.0,2.0,5.5,4.0,1.0,3.0,-100
2021-02-25,42.0,34.0,7.0,-100,6.0,5.0,1.0,-100,-100
2021-02-26,42.0,36.666666666666664,6.0,2.0,5.0,4.333333333333333,1.0,3.0,-100
2021-02-28,43.0,36.0,7.0,-100,3.0,4.0,1.0,3.0,-100
2021-03-01,44.0,38.0,7.0,-100,3.0,4.0,-100,2.0,-100
2021-03-04,45.0,32.0,6.0,-100,7.0,5.0,1.0,3.0,-100
2021-03-07,42.5,36.0,7.5,-100,4.5,4.5,1.0,3.0,-100
2021-03-08,45.0,36.0,7.0,-100,4.0,4.0,-100,3.0,-100
2021-03-10,43.0,33.0,9.0,-100,5.0,5.0,-100,1.0,-100
2021-03-12,43.333333333333336,36.0,6.333333333333333,1.0,5.0,4.666666666666667,1.0,3.0,-100
2021-03-14,39.0,37.0,8.0,-100,4.0,4.0,1.0,3.0,-100
2021-03-15,43.0,36.0,7.0,-100,5.0,4.0,-100,3.0,-100
2021-03-16,42.0,37.0,7.0,-100,5.0,5.0,1.0,2.0,-100
2021-03-19,41.0,35.5,7.0,-100,7.0,5.0,1.0,3.0,-100
2021-03-21,42.0,38.0,6.0,-100,3.0,4.0,1.0,2.0,-100
2021-03-22,42.0,36.0,9.0,-100,6.0,4.0,1.0,2.0,-100
2021-03-26,41.5,34.5,7.0,2.0,6.0,5.5,1.0,2.0,-100
2021-03-27,44.0,36.0,6.0,4.0,4.0,2.0,-100,3.0,-100
2021-03-29,43.0,35.0,8.0,1.0,4.0,5.5,1.0,2.0,-100
2021-04-01,42.0,34.0,7.0,-100,6.0,5.0,1.0,3.0,-100
2021-04-04,42.0,35.0,8.0,-100,3.0,4.0,1.0,2.0,-100
2021-04-05,44.0,34.0,9.0,-100,5.0,4.0,-100,2.0,-100
2021-04-08,41.0,34.0,6.0,-100,6.0,5.0,1.0,3.0,-100
2021-04-09,45.0,36.0,6.0,1.0,4.0,6.0,1.0,-100,-100
2021-04-10,44.0,35.5,7.0,2.0,4.0,2.5,1.0,4.0,-100
2021-04-11,42.0,35.0,7.0,-100,4.0,5.0,1.0,2.0,-100
2021-04-12,43.0,36.0,7.0,-100,5.0,4.0,1.0,3.0,-100
2021-04-14,43.0,29.0,8.0,-100,8.0,5.0,1.0,3.0,-100
2021-04-18,43.0,34.0,7.0,-100,4.0,5.0,1.0,1.0,-100
2021-04-19,42.0,34.0,9.5,-100,5.5,4.0,1.0,3.0,-100
2021-04-22,42.0,35.5,6.5,1.0,6.0,5.5,1.0,2.0,-100
2021-04-23,44.0,33.0,7.0,2.0,5.0,6.0,1.0,-100,-100
2021-04-25,42.0,35.0,8.0,-100,3.0,5.0,1.0,2.0,-100
2021-04-26,41.333333333333336,34.0,9.0,1.0,5.666666666666667,4.666666666666667,1.0,3.0,-100
2021-04-28,44.0,33.0,7.0,-100,7.0,4.0,1.0,3.0,-100
2021-04-29,41.0,36.0,7.0,-100,6.5,4.5,1.0,2.0,-100
2021-04-30,41.0,38.0,6.5,2.0,3.5,5.0,1.0,-100,-100
2021-05-02,40.0,36.0,8.0,-100,4.0,4.0,-100,-100,-100
2021-05-03,40.0,38.0,7.0,-100,5.0,4.0,1.0,3.0,-100
2021-05-05,43.666666666666664,34.0,6.666666666666667,-100,5.666666666666667,4.666666666666667,1.0,3.0,-100
2021-05-09,42.0,34.0,8.0,-100,4.0,5.0,1.0,2.0,-100
2021-05-10,45.0,34.0,8.0,-100,5.0,4.0,-100,2.0,-100
2021-05-12,45.0,30.0,7.0,-100,8.0,5.0,1.0,2.0,-100
2021-05-14,44.0,31.0,8.0,2.0,7.0,5.0,1.0,-100,-100
2021-05-16,43.0,32.0,8.0,-100,5.0,4.0,1.0,2.0,-100
2021-05-17,42.0,33.0,10.0,-100,6.0,4.0,1.0,2.0,-100
2021-05-20,46.0,28.0,8.0,-100,8.0,5.0,1.0,2.0,-100
2021-05-23,43.0,34.0,9.0,-100,4.0,4.0,1.0,2.0,-100
2021-05-24,43.0,33.0,10.0,-100,5.0,4.0,1.0,3.0,-100
2021-05-26,44.0,33.0,8.0,-100,6.0,4.0,-100,-100,-100
2021-05-28,43.0,32.5,7.75,1.0,6.5,5.0,1.0,2.0,-100
2021-05-30,42.0,32.0,9.0,-100,5.0,4.0,1.0,2.0,-100
2021-05-31,45.0,34.0,8.0,-100,5.0,4.0,-100,-100,-100
2021-06-02,41.0,33.0,9.0,-100,6.0,4.0,1.0,-100,-100
2021-06-03,45.0,32.5,6.0,-100,8.0,4.5,1.0,2.0,-100
2021-06-06,44.0,32.0,8.0,-100,5.0,4.0,1.0,2.0,-100
2021-06-07,44.0,34.0,7.5,1.0,5.5,4.5,1.0,2.0,-100
2021-06-10,43.0,33.0,8.0,-100,7.0,4.5,1.0,2.0,-100
2021-06-11,43.0,34.0,6.0,-100,7.0,6.0,1.0,-100,-100
2021-06-13,42.5,34.0,8.5,-100,5.5,4.5,-100,2.0,-100
2021-06-14,45.0,34.0,5.0,-100,7.0,5.0,1.0,3.0,-100
2021-06-17,43.0,32.0,7.0,-100,7.0,4.5,1.0,4.0,-100
2021-06-20,42.5,32.5,10.0,3.0,5.0,3.0,1.0,1.5,-100
2021-06-21,44.0,33.0,10.0,-100,4.0,4.0,1.0,3.0,-100
2021-06-24,42.0,30.0,9.0,-100,7.0,5.0,1.0,4.0,-100
2021-06-25,43.0,35.0,7.0,-100,5.0,5.0,1.0,-100,-100
2021-06-26,41.0,35.0,10.0,-100,5.0,3.0,-100,-100,-100
2021-06-27,42.0,33.0,9.0,-100,5.0,4.0,1.0,2.0,-100
2021-06-28,41.0,34.0,9.0,-100,5.0,5.0,-100,3.0,-100
2021-06-30,42.0,31.0,10.0,-100,6.0,5.0,1.0,3.0,-100
2021-07-04,41.0,35.0,8.0,-100,4.0,3.0,1.0,3.0,-100
2021-07-05,43.0,34.0,8.0,-100,6.0,4.0,1.0,4.0,-100
2021-07-08,41.0,30.5,11.0,1.0,6.5,5.5,1.0,2.0,-100
2021-07-09,43.0,35.0,6.0,-100,6.0,5.0,2.0,-100,-100
2021-07-11,40.0,35.0,9.0,-100,6.0,4.0,-100,-100,-100
2021-07-12,42.5,32.0,12.0,1.0,5.0,5.0,1.0,2.0,-100
2021-07-13,43.0,32.0,9.0,-100,6.0,5.0,-100,-100,-100
2021-07-16,44.0,31.0,8.0,-100,6.0,4.0,1.0,3.0,-100
2021-07-18,41.0,34.0,8.0,-100,5.0,4.0,-100,-100,-100
2021-07-19,42.0,33.0,10.0,-100,5.0,4.0,-100,3.0,-100
2021-07-20,39.0,35.0,11.0,-100,5.0,4.0,-100,-100,-100
2021-07-21,38.0,34.0,9.0,-100,8.0,5.0,1.0,3.0,-100
2021-07-23,41.0,36.0,9.0,-100,5.0,4.5,1.0,-100,-100
2021-07-25,40.0,35.0,9.5,-100,5.0,4.0,-100,4.0,-100
2021-07-26,42.0,37.0,6.0,3.0,6.0,3.0,1.0,2.0,-100
2021-07-29,39.0,34.0,8.0,-100,9.0,4.0,1.0,3.0,-100
2021-08-01,40.0,34.0,10.0,-100,6.0,4.0,-100,-100,-100
2021-08-02,41.0,34.0,11.0,-100,6.0,4.0,-100,3.0,-100
2021-08-06,41.5,34.0,7.5,-100,6.0,5.5,1.0,3.0,-100
2021-08-08,41.0,33.0,10.0,-100,4.0,4.0,1.0,2.0,-100
2021-08-09,40.5,33.5,11.0,-100,7.0,5.0,1.0,3.0,-100
2021-08-12,40.0,32.0,9.0,-100,7.0,5.0,1.0,2.0,-100
2021-08-15,41.0,34.0,9.0,-100,4.0,4.0,-100,-100,-100
2021-08-16,40.0,36.0,10.0,-100,5.0,5.0,-100,3.0,-100
2021-08-18,40.0,32.0,9.0,-100,8.0,5.0,1.0,3.0,-100
2021-08-20,39.0,36.0,8.0,-100,6.0,6.0,1.0,-100,-100
2021-08-22,41.0,34.0,9.0,-100,4.0,4.0,-100,-100,-100
2021-08-23,40.0,33.5,12.0,2.0,5.5,3.5,1.0,2.5,-100
2021-08-26,39.0,31.0,8.0,-100,9.0,5.0,1.0,4.0,-100
2021-08-29,40.5,33.5,9.5,-100,5.0,4.0,1.0,3.0,-100
2021-09-03,39.666666666666664,34.0,8.0,3.0,7.666666666666667,5.5,1.0,3.0,-100
2021-09-05,40.0,36.0,9.0,-100,4.0,4.0,-100,-100,-100
2021-09-06,41.0,32.0,11.0,-100,6.0,4.0,1.0,4.0,-100
2021-09-09,33.0,35.0,10.0,-100,9.0,5.0,1.0,5.0,-100
2021-09-11,38.0,38.0,8.0,-100,6.0,5.0,-100,-100,-100
2021-09-12,39.0,35.0,9.0,-100,6.0,4.0,-100,-100,-100
2021-09-13,39.0,35.0,9.0,-100,6.0,4.0,1.0,5.0,-100
2021-09-14,40.0,36.0,9.0,-100,5.0,4.0,1.0,-100,-100
2021-09-16,40.0,35.5,8.5,-100,6.0,4.5,1.0,3.0,-100
2021-09-17,40.0,37.0,7.0,-100,6.0,5.0,1.0,-100,-100
2021-09-20,41.0,35.0,8.0,-100,7.0,4.0,-100,3.0,-100
2021-09-22,40.0,35.0,8.0,-100,4.0,4.0,1.0,-100,-100
2021-09-23,39.0,34.0,9.5,-100,7.5,5.0,1.0,3.0,-100
2021-09-27,41.0,35.0,10.0,-100,5.0,4.0,-100,3.0,-100
2021-09-29,40.0,33.5,8.0,-100,7.0,5.0,1.0,4.0,-100
2021-10-01,39.0,35.0,8.0,-100,6.0,6.0,1.0,-100,-100
2021-10-04,40.0,37.0,10.0,-100,4.0,4.0,-100,3.0,-100
2021-10-06,39.0,31.0,9.0,-100,9.0,6.0,1.0,4.0,-100
2021-10-07,39.0,35.0,9.0,-100,5.0,4.0,1.0,3.0,-100
2021-10-10,40.0,35.0,8.0,-100,5.0,5.0,-100,-100,-100
2021-10-11,40.0,36.0,9.0,-100,6.0,4.0,-100,4.0,-100
2021-10-13,41.0,31.0,9.0,-100,8.0,4.0,1.0,4.0,-100
2021-10-15,39.5,37.0,8.0,2.0,5.5,4.5,1.0,2.0,-100
2021-10-17,40.0,35.0,8.0,-100,5.0,4.0,-100,-100,-100
2021-10-18,39.666666666666664,34.333333333333336,7.666666666666667,1.0,7.333333333333333,5.0,1.0,2.6666666666666665,-100
2021-10-21,37.0,33.0,9.0,-100,10.0,5.0,1.0,4.0,-100
2021-10-24,37.0,35.0,8.0,-100,7.0,5.0,-100,-100,-100
2021-10-25,39.0,36.0,10.0,-100,6.0,4.0,-100,4.0,-100
2021-10-28,39.0,33.0,8.0,-100,10.0,5.0,1.0,3.0,-100
2021-10-29,40.0,35.0,8.0,-100,7.0,5.0,1.0,-100,-100
2021-10-31,40.0,35.0,9.0,-100,4.0,5.0,-100,-100,-100
2021-11-01,40.0,35.0,10.0,-100,6.0,4.0,-100,3.0,-100
2021-11-04,35.5,35.5,8.5,-100,10.0,5.0,-100,5.0,-100
2021-11-05,40.0,37.0,8.0,-100,6.0,3.0,1.0,2.0,-100
2021-11-06,37.0,36.0,9.0,-100,6.0,5.0,1.0,-100,-100
2021-11-07,38.0,35.0,10.0,-100,4.0,5.0,1.0,3.0,-100
2021-11-08,37.0,36.0,10.0,-100,6.0,5.0,-100,5.0,-100
2021-11-10,32.0,34.0,9.0,-100,6.0,4.0,-100,3.0,-100
2021-11-11,35.0,35.0,8.0,-100,10.0,5.0,1.0,4.0,-100
2021-11-12,38.0,35.5,9.5,-100,6.0,5.0,1.0,3.0,-100
2021-11-15,36.5,37.0,10.0,-100,4.5,4.5,1.0,3.0,-100
2021-11-18,36.0,34.0,7.0,-100,10.0,4.0,1.0,5.0,-100
2021-11-19,38.0,39.0,9.0,-100,6.0,-100,-100,-100,-100
2021-11-21,36.5,37.5,9.5,-100,5.5,4.0,-100,4.0,-100
2021-11-22,39.0,36.0,10.0,2.0,5.0,4.0,1.0,2.0,-100
2021-11-25,36.0,35.0,7.0,-100,8.0,5.0,1.0,6.0,-100
2021-11-26,36.0,38.0,8.0,-100,6.0,5.0,1.0,-100,-100
2021-11-28,37.0,37.0,8.0,-100,5.0,5.0,-100,-100,-100
2021-11-29,38.0,36.0,10.0,-100,6.0,4.0,1.0,4.0,-100
2021-12-01,36.0,37.0,10.0,-100,5.5,5.0,1.0,3.0,-100
2021-12-02,36.0,33.0,9.0,-100,9.0,5.0,1.0,6.0,-100
2021-12-04,37.0,38.0,10.0,2.0,5.0,5.0,1.0,2.0,-100
2021-12-05,38.0,37.0,9.0,-100,5.0,4.0,-100,-100,-100
2021-12-06,38.0,36.0,9.0,-100,6.0,4.0,-100,4.0,-100
2021-12-08,34.0,38.0,11.0,-100,6.0,4.0,-100,5.0,-100
2021-12-09,33.36666666666667,39.300000000000004,8.6,0.5,5.566666666666666,4.766666666666667,1.0,4.35,-100
2021-12-10,32.75,39.75,9.25,-100,5.75,4.666666666666667,1.0,7.0,-100
2021-12-11,31.6,39.2,9.2,1.3,4.6,5.2,1.1,3.7,-100
2021-12-13,33.0,37.5,11.0,2.0,7.0,3.5,1.0,5.0,-100
2021-12-15,31.0,37.5,10.0,-100,8.5,5.0,1.0,6.0,-100
2021-12-16,34.0,38.0,10.0,-100,4.0,5.0,-100,-100,-100
2021-12-20,30.5,37.5,12.5,-100,7.0,5.5,1.0,5.0,-100
2021-12-21,34.0,41.0,9.0,-100,4.0,4.0,-100,-100,-100
